borrower_id,year,scenario,branch,tier,tier_label_plain,cost_eur,materiality_ratio,band,band_sort,band_label,price_eur,free_allocation_share,counted_tonnes,threshold_tonnes,below_threshold,estimated,cost_basis,cost_basis_label
B001,2026,current_policies,adopted,2,Imports CBAM goods,2850.0,0.002375000000000002,L,1,below 1 percent of EBITDA,60.0,0.975,1000.0,50.0,false,false,direct_obligation,Certificates on imported goods
B001,2027,current_policies,adopted,2,Imports CBAM goods,5700.0,0.004750000000000004,L,1,below 1 percent of EBITDA,60.0,0.95,1000.0,50.0,false,false,direct_obligation,Certificates on imported goods
B001,2028,current_policies,adopted,2,Imports CBAM goods,11400.0,0.009499999999999998,L,1,below 1 percent of EBITDA,60.0,0.9,1000.0,50.0,false,false,direct_obligation,Certificates on imported goods
B001,2029,current_policies,adopted,2,Imports CBAM goods,25650.0,0.021374999999999998,ML,2,1 to 3 percent of EBITDA,60.0,0.775,1000.0,50.0,false,false,direct_obligation,Certificates on imported goods
B001,2030,current_policies,adopted,2,Imports CBAM goods,55290.0,0.046075,M,3,3 to 6 percent of EBITDA,60.0,0.515,1000.0,50.0,false,false,direct_obligation,Certificates on imported goods
B001,2031,current_policies,adopted,2,Imports CBAM goods,69540.0,0.05795,M,3,3 to 6 percent of EBITDA,60.0,0.39,1000.0,50.0,false,false,direct_obligation,Certificates on imported goods
B001,2032,current_policies,adopted,2,Imports CBAM goods,83790.0,0.069825,MH,4,6 to 12 percent of EBITDA,60.0,0.265,1000.0,50.0,false,false,direct_obligation,Certificates on imported goods
B001,2033,current_policies,adopted,2,Imports CBAM goods,98040.0,0.0817,MH,4,6 to 12 percent of EBITDA,60.0,0.14,1000.0,50.0,false,false,direct_obligation,Certificates on imported goods
B001,2034,current_policies,adopted,2,Imports CBAM goods,114000.0,0.095,MH,4,6 to 12 percent of EBITDA,60.0,0.0,1000.0,50.0,false,false,direct_obligation,Certificates on imported goods
B001,2035,current_policies,adopted,2,Imports CBAM goods,114000.0,0.095,MH,4,6 to 12 percent of EBITDA,60.0,0.0,1000.0,50.0,false,false,direct_obligation,Certificates on imported goods
B001,2026,delayed_transition,adopted,2,Imports CBAM goods,3800.0,0.003166666666666669,L,1,below 1 percent of EBITDA,80.0,0.975,1000.0,50.0,false,false,direct_obligation,Certificates on imported goods
B001,2027,delayed_transition,adopted,2,Imports CBAM goods,7600.0,0.006333333333333338,L,1,below 1 percent of EBITDA,80.0,0.95,1000.0,50.0,false,false,direct_obligation,Certificates on imported goods
B001,2028,delayed_transition,adopted,2,Imports CBAM goods,15200.0,0.012666666666666663,ML,2,1 to 3 percent of EBITDA,80.0,0.9,1000.0,50.0,false,false,direct_obligation,Certificates on imported goods
B001,2029,delayed_transition,adopted,2,Imports CBAM goods,34200.0,0.0285,ML,2,1 to 3 percent of EBITDA,80.0,0.775,1000.0,50.0,false,false,direct_obligation,Certificates on imported goods
B001,2030,delayed_transition,adopted,2,Imports CBAM goods,73720.0,0.06143333333333333,MH,4,6 to 12 percent of EBITDA,80.0,0.515,1000.0,50.0,false,false,direct_obligation,Certificates on imported goods
B001,2031,delayed_transition,adopted,2,Imports CBAM goods,92720.0,0.07726666666666666,MH,4,6 to 12 percent of EBITDA,80.0,0.39,1000.0,50.0,false,false,direct_obligation,Certificates on imported goods
B001,2032,delayed_transition,adopted,2,Imports CBAM goods,111720.0,0.0931,MH,4,6 to 12 percent of EBITDA,80.0,0.265,1000.0,50.0,false,false,direct_obligation,Certificates on imported goods
B001,2033,delayed_transition,adopted,2,Imports CBAM goods,130720.0,0.10893333333333333,MH,4,6 to 12 percent of EBITDA,80.0,0.14,1000.0,50.0,false,false,direct_obligation,Certificates on imported goods
B001,2034,delayed_transition,adopted,2,Imports CBAM goods,152000.0,0.12666666666666668,H,5,above 12 percent of EBITDA,80.0,0.0,1000.0,50.0,false,false,direct_obligation,Certificates on imported goods
B001,2035,delayed_transition,adopted,2,Imports CBAM goods,152000.0,0.12666666666666668,H,5,above 12 percent of EBITDA,80.0,0.0,1000.0,50.0,false,false,direct_obligation,Certificates on imported goods
B001,2026,net_zero_2050,adopted,2,Imports CBAM goods,4750.0,0.003958333333333337,L,1,below 1 percent of EBITDA,100.0,0.975,1000.0,50.0,false,false,direct_obligation,Certificates on imported goods
B001,2027,net_zero_2050,adopted,2,Imports CBAM goods,9500.0,0.007916666666666674,L,1,below 1 percent of EBITDA,100.0,0.95,1000.0,50.0,false,false,direct_obligation,Certificates on imported goods
B001,2028,net_zero_2050,adopted,2,Imports CBAM goods,19000.0,0.01583333333333333,ML,2,1 to 3 percent of EBITDA,100.0,0.9,1000.0,50.0,false,false,direct_obligation,Certificates on imported goods
B001,2029,net_zero_2050,adopted,2,Imports CBAM goods,42750.0,0.035625,M,3,3 to 6 percent of EBITDA,100.0,0.775,1000.0,50.0,false,false,direct_obligation,Certificates on imported goods
B001,2030,net_zero_2050,adopted,2,Imports CBAM goods,92150.0,0.07679166666666666,MH,4,6 to 12 percent of EBITDA,100.0,0.515,1000.0,50.0,false,false,direct_obligation,Certificates on imported goods
B001,2031,net_zero_2050,adopted,2,Imports CBAM goods,115900.0,0.09658333333333333,MH,4,6 to 12 percent of EBITDA,100.0,0.39,1000.0,50.0,false,false,direct_obligation,Certificates on imported goods
B001,2032,net_zero_2050,adopted,2,Imports CBAM goods,139650.0,0.116375,MH,4,6 to 12 percent of EBITDA,100.0,0.265,1000.0,50.0,false,false,direct_obligation,Certificates on imported goods
B001,2033,net_zero_2050,adopted,2,Imports CBAM goods,163400.0,0.13616666666666666,H,5,above 12 percent of EBITDA,100.0,0.14,1000.0,50.0,false,false,direct_obligation,Certificates on imported goods
B001,2034,net_zero_2050,adopted,2,Imports CBAM goods,190000.0,0.15833333333333333,H,5,above 12 percent of EBITDA,100.0,0.0,1000.0,50.0,false,false,direct_obligation,Certificates on imported goods
B001,2035,net_zero_2050,adopted,2,Imports CBAM goods,190000.0,0.15833333333333333,H,5,above 12 percent of EBITDA,100.0,0.0,1000.0,50.0,false,false,direct_obligation,Certificates on imported goods
B001,2026,current_policies,proposal,2,Imports CBAM goods,2850.0,0.002375000000000002,L,1,below 1 percent of EBITDA,60.0,0.975,1000.0,50.0,false,false,direct_obligation,Certificates on imported goods
B001,2027,current_policies,proposal,2,Imports CBAM goods,5700.0,0.004750000000000004,L,1,below 1 percent of EBITDA,60.0,0.95,1000.0,50.0,false,false,direct_obligation,Certificates on imported goods
B001,2028,current_policies,proposal,2,Imports CBAM goods,11400.0,0.009499999999999998,L,1,below 1 percent of EBITDA,60.0,0.9,1000.0,50.0,false,false,direct_obligation,Certificates on imported goods
B001,2029,current_policies,proposal,2,Imports CBAM goods,17100.0,0.014250000000000002,ML,2,1 to 3 percent of EBITDA,60.0,0.85,1000.0,50.0,false,false,direct_obligation,Certificates on imported goods
B001,2030,current_policies,proposal,2,Imports CBAM goods,22800.0,0.018999999999999996,ML,2,1 to 3 percent of EBITDA,60.0,0.8,1000.0,50.0,false,false,direct_obligation,Certificates on imported goods
B001,2031,current_policies,proposal,2,Imports CBAM goods,34200.0,0.028500000000000004,ML,2,1 to 3 percent of EBITDA,60.0,0.7,1000.0,50.0,false,false,direct_obligation,Certificates on imported goods
B001,2032,current_policies,proposal,2,Imports CBAM goods,45600.0,0.038,M,3,3 to 6 percent of EBITDA,60.0,0.6,1000.0,50.0,false,false,direct_obligation,Certificates on imported goods
B001,2033,current_policies,proposal,2,Imports CBAM goods,57000.0,0.0475,M,3,3 to 6 percent of EBITDA,60.0,0.5,1000.0,50.0,false,false,direct_obligation,Certificates on imported goods
B001,2034,current_policies,proposal,2,Imports CBAM goods,68400.0,0.057,M,3,3 to 6 percent of EBITDA,60.0,0.4,1000.0,50.0,false,false,direct_obligation,Certificates on imported goods
B001,2035,current_policies,proposal,2,Imports CBAM goods,79800.0,0.0665,MH,4,6 to 12 percent of EBITDA,60.0,0.3,1000.0,50.0,false,false,direct_obligation,Certificates on imported goods
B001,2026,delayed_transition,proposal,2,Imports CBAM goods,3800.0,0.003166666666666669,L,1,below 1 percent of EBITDA,80.0,0.975,1000.0,50.0,false,false,direct_obligation,Certificates on imported goods
B001,2027,delayed_transition,proposal,2,Imports CBAM goods,7600.0,0.006333333333333338,L,1,below 1 percent of EBITDA,80.0,0.95,1000.0,50.0,false,false,direct_obligation,Certificates on imported goods
B001,2028,delayed_transition,proposal,2,Imports CBAM goods,15200.0,0.012666666666666663,ML,2,1 to 3 percent of EBITDA,80.0,0.9,1000.0,50.0,false,false,direct_obligation,Certificates on imported goods
B001,2029,delayed_transition,proposal,2,Imports CBAM goods,22800.0,0.019000000000000003,ML,2,1 to 3 percent of EBITDA,80.0,0.85,1000.0,50.0,false,false,direct_obligation,Certificates on imported goods
B001,2030,delayed_transition,proposal,2,Imports CBAM goods,30400.0,0.025333333333333326,ML,2,1 to 3 percent of EBITDA,80.0,0.8,1000.0,50.0,false,false,direct_obligation,Certificates on imported goods
B001,2031,delayed_transition,proposal,2,Imports CBAM goods,45600.0,0.038000000000000006,M,3,3 to 6 percent of EBITDA,80.0,0.7,1000.0,50.0,false,false,direct_obligation,Certificates on imported goods
B001,2032,delayed_transition,proposal,2,Imports CBAM goods,60800.0,0.050666666666666665,M,3,3 to 6 percent of EBITDA,80.0,0.6,1000.0,50.0,false,false,direct_obligation,Certificates on imported goods
B001,2033,delayed_transition,proposal,2,Imports CBAM goods,76000.0,0.06333333333333334,MH,4,6 to 12 percent of EBITDA,80.0,0.5,1000.0,50.0,false,false,direct_obligation,Certificates on imported goods
B001,2034,delayed_transition,proposal,2,Imports CBAM goods,91200.0,0.076,MH,4,6 to 12 percent of EBITDA,80.0,0.4,1000.0,50.0,false,false,direct_obligation,Certificates on imported goods
B001,2035,delayed_transition,proposal,2,Imports CBAM goods,106400.0,0.08866666666666667,MH,4,6 to 12 percent of EBITDA,80.0,0.3,1000.0,50.0,false,false,direct_obligation,Certificates on imported goods
B001,2026,net_zero_2050,proposal,2,Imports CBAM goods,4750.0,0.003958333333333337,L,1,below 1 percent of EBITDA,100.0,0.975,1000.0,50.0,false,false,direct_obligation,Certificates on imported goods
B001,2027,net_zero_2050,proposal,2,Imports CBAM goods,9500.0,0.007916666666666674,L,1,below 1 percent of EBITDA,100.0,0.95,1000.0,50.0,false,false,direct_obligation,Certificates on imported goods
B001,2028,net_zero_2050,proposal,2,Imports CBAM goods,19000.0,0.01583333333333333,ML,2,1 to 3 percent of EBITDA,100.0,0.9,1000.0,50.0,false,false,direct_obligation,Certificates on imported goods
B001,2029,net_zero_2050,proposal,2,Imports CBAM goods,28500.0,0.023750000000000004,ML,2,1 to 3 percent of EBITDA,100.0,0.85,1000.0,50.0,false,false,direct_obligation,Certificates on imported goods
B001,2030,net_zero_2050,proposal,2,Imports CBAM goods,38000.0,0.03166666666666666,M,3,3 to 6 percent of EBITDA,100.0,0.8,1000.0,50.0,false,false,direct_obligation,Certificates on imported goods
B001,2031,net_zero_2050,proposal,2,Imports CBAM goods,57000.0,0.04750000000000001,M,3,3 to 6 percent of EBITDA,100.0,0.7,1000.0,50.0,false,false,direct_obligation,Certificates on imported goods
B001,2032,net_zero_2050,proposal,2,Imports CBAM goods,76000.0,0.06333333333333334,MH,4,6 to 12 percent of EBITDA,100.0,0.6,1000.0,50.0,false,false,direct_obligation,Certificates on imported goods
B001,2033,net_zero_2050,proposal,2,Imports CBAM goods,95000.0,0.07916666666666666,MH,4,6 to 12 percent of EBITDA,100.0,0.5,1000.0,50.0,false,false,direct_obligation,Certificates on imported goods
B001,2034,net_zero_2050,proposal,2,Imports CBAM goods,114000.0,0.095,MH,4,6 to 12 percent of EBITDA,100.0,0.4,1000.0,50.0,false,false,direct_obligation,Certificates on imported goods
B001,2035,net_zero_2050,proposal,2,Imports CBAM goods,133000.0,0.11083333333333334,MH,4,6 to 12 percent of EBITDA,100.0,0.3,1000.0,50.0,false,false,direct_obligation,Certificates on imported goods
B002,2026,current_policies,adopted,2,Imports CBAM goods,12000.0,0.0285714285714286,ML,2,1 to 3 percent of EBITDA,60.0,0.975,4000.0,50.0,false,false,direct_obligation,Certificates on imported goods
B002,2027,current_policies,adopted,2,Imports CBAM goods,24000.0,0.0571428571428572,M,3,3 to 6 percent of EBITDA,60.0,0.95,4000.0,50.0,false,false,direct_obligation,Certificates on imported goods
B002,2028,current_policies,adopted,2,Imports CBAM goods,48000.0,0.11428571428571427,MH,4,6 to 12 percent of EBITDA,60.0,0.9,4000.0,50.0,false,false,direct_obligation,Certificates on imported goods
B002,2029,current_policies,adopted,2,Imports CBAM goods,108000.0,0.2571428571428571,H,5,above 12 percent of EBITDA,60.0,0.775,4000.0,50.0,false,false,direct_obligation,Certificates on imported goods
B002,2030,current_policies,adopted,2,Imports CBAM goods,232800.0,0.5542857142857143,H,5,above 12 percent of EBITDA,60.0,0.515,4000.0,50.0,false,false,direct_obligation,Certificates on imported goods
B002,2031,current_policies,adopted,2,Imports CBAM goods,292800.0,0.6971428571428572,H,5,above 12 percent of EBITDA,60.0,0.39,4000.0,50.0,false,false,direct_obligation,Certificates on imported goods
B002,2032,current_policies,adopted,2,Imports CBAM goods,352800.0,0.84,H,5,above 12 percent of EBITDA,60.0,0.265,4000.0,50.0,false,false,direct_obligation,Certificates on imported goods
B002,2033,current_policies,adopted,2,Imports CBAM goods,412800.0,0.9828571428571429,H,5,above 12 percent of EBITDA,60.0,0.14,4000.0,50.0,false,false,direct_obligation,Certificates on imported goods
B002,2034,current_policies,adopted,2,Imports CBAM goods,480000.0,1.1428571428571428,H,5,above 12 percent of EBITDA,60.0,0.0,4000.0,50.0,false,false,direct_obligation,Certificates on imported goods
B002,2035,current_policies,adopted,2,Imports CBAM goods,480000.0,1.1428571428571428,H,5,above 12 percent of EBITDA,60.0,0.0,4000.0,50.0,false,false,direct_obligation,Certificates on imported goods
B002,2026,delayed_transition,adopted,2,Imports CBAM goods,16000.0,0.038095238095238126,M,3,3 to 6 percent of EBITDA,80.0,0.975,4000.0,50.0,false,false,direct_obligation,Certificates on imported goods
B002,2027,delayed_transition,adopted,2,Imports CBAM goods,32000.0,0.07619047619047625,MH,4,6 to 12 percent of EBITDA,80.0,0.95,4000.0,50.0,false,false,direct_obligation,Certificates on imported goods
B002,2028,delayed_transition,adopted,2,Imports CBAM goods,64000.0,0.15238095238095234,H,5,above 12 percent of EBITDA,80.0,0.9,4000.0,50.0,false,false,direct_obligation,Certificates on imported goods
B002,2029,delayed_transition,adopted,2,Imports CBAM goods,144000.0,0.34285714285714286,H,5,above 12 percent of EBITDA,80.0,0.775,4000.0,50.0,false,false,direct_obligation,Certificates on imported goods
B002,2030,delayed_transition,adopted,2,Imports CBAM goods,310400.0,0.7390476190476191,H,5,above 12 percent of EBITDA,80.0,0.515,4000.0,50.0,false,false,direct_obligation,Certificates on imported goods
B002,2031,delayed_transition,adopted,2,Imports CBAM goods,390400.0,0.9295238095238095,H,5,above 12 percent of EBITDA,80.0,0.39,4000.0,50.0,false,false,direct_obligation,Certificates on imported goods
B002,2032,delayed_transition,adopted,2,Imports CBAM goods,470400.0,1.12,H,5,above 12 percent of EBITDA,80.0,0.265,4000.0,50.0,false,false,direct_obligation,Certificates on imported goods
B002,2033,delayed_transition,adopted,2,Imports CBAM goods,550400.0,1.3104761904761906,H,5,above 12 percent of EBITDA,80.0,0.14,4000.0,50.0,false,false,direct_obligation,Certificates on imported goods
B002,2034,delayed_transition,adopted,2,Imports CBAM goods,640000.0,1.5238095238095237,H,5,above 12 percent of EBITDA,80.0,0.0,4000.0,50.0,false,false,direct_obligation,Certificates on imported goods
B002,2035,delayed_transition,adopted,2,Imports CBAM goods,640000.0,1.5238095238095237,H,5,above 12 percent of EBITDA,80.0,0.0,4000.0,50.0,false,false,direct_obligation,Certificates on imported goods
B002,2026,net_zero_2050,adopted,2,Imports CBAM goods,20000.0,0.047619047619047665,M,3,3 to 6 percent of EBITDA,100.0,0.975,4000.0,50.0,false,false,direct_obligation,Certificates on imported goods
B002,2027,net_zero_2050,adopted,2,Imports CBAM goods,40000.0,0.09523809523809533,MH,4,6 to 12 percent of EBITDA,100.0,0.95,4000.0,50.0,false,false,direct_obligation,Certificates on imported goods
B002,2028,net_zero_2050,adopted,2,Imports CBAM goods,80000.0,0.19047619047619044,H,5,above 12 percent of EBITDA,100.0,0.9,4000.0,50.0,false,false,direct_obligation,Certificates on imported goods
B002,2029,net_zero_2050,adopted,2,Imports CBAM goods,180000.0,0.4285714285714285,H,5,above 12 percent of EBITDA,100.0,0.775,4000.0,50.0,false,false,direct_obligation,Certificates on imported goods
B002,2030,net_zero_2050,adopted,2,Imports CBAM goods,388000.0,0.9238095238095239,H,5,above 12 percent of EBITDA,100.0,0.515,4000.0,50.0,false,false,direct_obligation,Certificates on imported goods
B002,2031,net_zero_2050,adopted,2,Imports CBAM goods,488000.0,1.161904761904762,H,5,above 12 percent of EBITDA,100.0,0.39,4000.0,50.0,false,false,direct_obligation,Certificates on imported goods
B002,2032,net_zero_2050,adopted,2,Imports CBAM goods,588000.0,1.4,H,5,above 12 percent of EBITDA,100.0,0.265,4000.0,50.0,false,false,direct_obligation,Certificates on imported goods
B002,2033,net_zero_2050,adopted,2,Imports CBAM goods,688000.0,1.638095238095238,H,5,above 12 percent of EBITDA,100.0,0.14,4000.0,50.0,false,false,direct_obligation,Certificates on imported goods
B002,2034,net_zero_2050,adopted,2,Imports CBAM goods,800000.0,1.9047619047619047,H,5,above 12 percent of EBITDA,100.0,0.0,4000.0,50.0,false,false,direct_obligation,Certificates on imported goods
B002,2035,net_zero_2050,adopted,2,Imports CBAM goods,800000.0,1.9047619047619047,H,5,above 12 percent of EBITDA,100.0,0.0,4000.0,50.0,false,false,direct_obligation,Certificates on imported goods
B002,2026,current_policies,proposal,2,Imports CBAM goods,12000.0,0.0285714285714286,ML,2,1 to 3 percent of EBITDA,60.0,0.975,4000.0,50.0,false,false,direct_obligation,Certificates on imported goods
B002,2027,current_policies,proposal,2,Imports CBAM goods,24000.0,0.0571428571428572,M,3,3 to 6 percent of EBITDA,60.0,0.95,4000.0,50.0,false,false,direct_obligation,Certificates on imported goods
B002,2028,current_policies,proposal,2,Imports CBAM goods,48000.0,0.11428571428571427,MH,4,6 to 12 percent of EBITDA,60.0,0.9,4000.0,50.0,false,false,direct_obligation,Certificates on imported goods
B002,2029,current_policies,proposal,2,Imports CBAM goods,72000.0,0.17142857142857146,H,5,above 12 percent of EBITDA,60.0,0.85,4000.0,50.0,false,false,direct_obligation,Certificates on imported goods
B002,2030,current_policies,proposal,2,Imports CBAM goods,96000.0,0.22857142857142854,H,5,above 12 percent of EBITDA,60.0,0.8,4000.0,50.0,false,false,direct_obligation,Certificates on imported goods
B002,2031,current_policies,proposal,2,Imports CBAM goods,144000.0,0.3428571428571429,H,5,above 12 percent of EBITDA,60.0,0.7,4000.0,50.0,false,false,direct_obligation,Certificates on imported goods
B002,2032,current_policies,proposal,2,Imports CBAM goods,192000.0,0.45714285714285713,H,5,above 12 percent of EBITDA,60.0,0.6,4000.0,50.0,false,false,direct_obligation,Certificates on imported goods
B002,2033,current_policies,proposal,2,Imports CBAM goods,240000.0,0.5714285714285714,H,5,above 12 percent of EBITDA,60.0,0.5,4000.0,50.0,false,false,direct_obligation,Certificates on imported goods
B002,2034,current_policies,proposal,2,Imports CBAM goods,288000.0,0.6857142857142857,H,5,above 12 percent of EBITDA,60.0,0.4,4000.0,50.0,false,false,direct_obligation,Certificates on imported goods
B002,2035,current_policies,proposal,2,Imports CBAM goods,336000.0,0.8,H,5,above 12 percent of EBITDA,60.0,0.3,4000.0,50.0,false,false,direct_obligation,Certificates on imported goods
B002,2026,delayed_transition,proposal,2,Imports CBAM goods,16000.0,0.038095238095238126,M,3,3 to 6 percent of EBITDA,80.0,0.975,4000.0,50.0,false,false,direct_obligation,Certificates on imported goods
B002,2027,delayed_transition,proposal,2,Imports CBAM goods,32000.0,0.07619047619047625,MH,4,6 to 12 percent of EBITDA,80.0,0.95,4000.0,50.0,false,false,direct_obligation,Certificates on imported goods
B002,2028,delayed_transition,proposal,2,Imports CBAM goods,64000.0,0.15238095238095234,H,5,above 12 percent of EBITDA,80.0,0.9,4000.0,50.0,false,false,direct_obligation,Certificates on imported goods
B002,2029,delayed_transition,proposal,2,Imports CBAM goods,96000.0,0.22857142857142862,H,5,above 12 percent of EBITDA,80.0,0.85,4000.0,50.0,false,false,direct_obligation,Certificates on imported goods
B002,2030,delayed_transition,proposal,2,Imports CBAM goods,128000.0,0.3047619047619047,H,5,above 12 percent of EBITDA,80.0,0.8,4000.0,50.0,false,false,direct_obligation,Certificates on imported goods
B002,2031,delayed_transition,proposal,2,Imports CBAM goods,192000.0,0.45714285714285724,H,5,above 12 percent of EBITDA,80.0,0.7,4000.0,50.0,false,false,direct_obligation,Certificates on imported goods
B002,2032,delayed_transition,proposal,2,Imports CBAM goods,256000.0,0.6095238095238096,H,5,above 12 percent of EBITDA,80.0,0.6,4000.0,50.0,false,false,direct_obligation,Certificates on imported goods
B002,2033,delayed_transition,proposal,2,Imports CBAM goods,320000.0,0.7619047619047619,H,5,above 12 percent of EBITDA,80.0,0.5,4000.0,50.0,false,false,direct_obligation,Certificates on imported goods
B002,2034,delayed_transition,proposal,2,Imports CBAM goods,384000.0,0.9142857142857143,H,5,above 12 percent of EBITDA,80.0,0.4,4000.0,50.0,false,false,direct_obligation,Certificates on imported goods
B002,2035,delayed_transition,proposal,2,Imports CBAM goods,448000.0,1.0666666666666667,H,5,above 12 percent of EBITDA,80.0,0.3,4000.0,50.0,false,false,direct_obligation,Certificates on imported goods
B002,2026,net_zero_2050,proposal,2,Imports CBAM goods,20000.0,0.047619047619047665,M,3,3 to 6 percent of EBITDA,100.0,0.975,4000.0,50.0,false,false,direct_obligation,Certificates on imported goods
B002,2027,net_zero_2050,proposal,2,Imports CBAM goods,40000.0,0.09523809523809533,MH,4,6 to 12 percent of EBITDA,100.0,0.95,4000.0,50.0,false,false,direct_obligation,Certificates on imported goods
B002,2028,net_zero_2050,proposal,2,Imports CBAM goods,80000.0,0.19047619047619044,H,5,above 12 percent of EBITDA,100.0,0.9,4000.0,50.0,false,false,direct_obligation,Certificates on imported goods
B002,2029,net_zero_2050,proposal,2,Imports CBAM goods,120000.0,0.28571428571428575,H,5,above 12 percent of EBITDA,100.0,0.85,4000.0,50.0,false,false,direct_obligation,Certificates on imported goods
B002,2030,net_zero_2050,proposal,2,Imports CBAM goods,160000.0,0.3809523809523809,H,5,above 12 percent of EBITDA,100.0,0.8,4000.0,50.0,false,false,direct_obligation,Certificates on imported goods
B002,2031,net_zero_2050,proposal,2,Imports CBAM goods,240000.0,0.5714285714285715,H,5,above 12 percent of EBITDA,100.0,0.7,4000.0,50.0,false,false,direct_obligation,Certificates on imported goods
B002,2032,net_zero_2050,proposal,2,Imports CBAM goods,320000.0,0.7619047619047619,H,5,above 12 percent of EBITDA,100.0,0.6,4000.0,50.0,false,false,direct_obligation,Certificates on imported goods
B002,2033,net_zero_2050,proposal,2,Imports CBAM goods,400000.0,0.9523809523809523,H,5,above 12 percent of EBITDA,100.0,0.5,4000.0,50.0,false,false,direct_obligation,Certificates on imported goods
B002,2034,net_zero_2050,proposal,2,Imports CBAM goods,480000.0,1.1428571428571428,H,5,above 12 percent of EBITDA,100.0,0.4,4000.0,50.0,false,false,direct_obligation,Certificates on imported goods
B002,2035,net_zero_2050,proposal,2,Imports CBAM goods,560000.0,1.3333333333333333,H,5,above 12 percent of EBITDA,100.0,0.3,4000.0,50.0,false,false,direct_obligation,Certificates on imported goods
B003,2026,current_policies,adopted,2,Imports CBAM goods,0.0,0.0,L,1,below 1 percent of EBITDA,60.0,0.975,20.0,50.0,true,false,below_mass_threshold,"Below the mass threshold, nothing owed this year"
B003,2027,current_policies,adopted,2,Imports CBAM goods,0.0,0.0,L,1,below 1 percent of EBITDA,60.0,0.95,20.0,50.0,true,false,below_mass_threshold,"Below the mass threshold, nothing owed this year"
B003,2028,current_policies,adopted,2,Imports CBAM goods,0.0,0.0,L,1,below 1 percent of EBITDA,60.0,0.9,20.0,50.0,true,false,below_mass_threshold,"Below the mass threshold, nothing owed this year"
B003,2029,current_policies,adopted,2,Imports CBAM goods,0.0,0.0,L,1,below 1 percent of EBITDA,60.0,0.775,20.0,50.0,true,false,below_mass_threshold,"Below the mass threshold, nothing owed this year"
B003,2030,current_policies,adopted,2,Imports CBAM goods,0.0,0.0,L,1,below 1 percent of EBITDA,60.0,0.515,20.0,50.0,true,false,below_mass_threshold,"Below the mass threshold, nothing owed this year"
B003,2031,current_policies,adopted,2,Imports CBAM goods,0.0,0.0,L,1,below 1 percent of EBITDA,60.0,0.39,20.0,50.0,true,false,below_mass_threshold,"Below the mass threshold, nothing owed this year"
B003,2032,current_policies,adopted,2,Imports CBAM goods,0.0,0.0,L,1,below 1 percent of EBITDA,60.0,0.265,20.0,50.0,true,false,below_mass_threshold,"Below the mass threshold, nothing owed this year"
B003,2033,current_policies,adopted,2,Imports CBAM goods,0.0,0.0,L,1,below 1 percent of EBITDA,60.0,0.14,20.0,50.0,true,false,below_mass_threshold,"Below the mass threshold, nothing owed this year"
B003,2034,current_policies,adopted,2,Imports CBAM goods,0.0,0.0,L,1,below 1 percent of EBITDA,60.0,0.0,20.0,50.0,true,false,below_mass_threshold,"Below the mass threshold, nothing owed this year"
B003,2035,current_policies,adopted,2,Imports CBAM goods,0.0,0.0,L,1,below 1 percent of EBITDA,60.0,0.0,20.0,50.0,true,false,below_mass_threshold,"Below the mass threshold, nothing owed this year"
B003,2026,delayed_transition,adopted,2,Imports CBAM goods,0.0,0.0,L,1,below 1 percent of EBITDA,80.0,0.975,20.0,50.0,true,false,below_mass_threshold,"Below the mass threshold, nothing owed this year"
B003,2027,delayed_transition,adopted,2,Imports CBAM goods,0.0,0.0,L,1,below 1 percent of EBITDA,80.0,0.95,20.0,50.0,true,false,below_mass_threshold,"Below the mass threshold, nothing owed this year"
B003,2028,delayed_transition,adopted,2,Imports CBAM goods,0.0,0.0,L,1,below 1 percent of EBITDA,80.0,0.9,20.0,50.0,true,false,below_mass_threshold,"Below the mass threshold, nothing owed this year"
B003,2029,delayed_transition,adopted,2,Imports CBAM goods,0.0,0.0,L,1,below 1 percent of EBITDA,80.0,0.775,20.0,50.0,true,false,below_mass_threshold,"Below the mass threshold, nothing owed this year"
B003,2030,delayed_transition,adopted,2,Imports CBAM goods,0.0,0.0,L,1,below 1 percent of EBITDA,80.0,0.515,20.0,50.0,true,false,below_mass_threshold,"Below the mass threshold, nothing owed this year"
B003,2031,delayed_transition,adopted,2,Imports CBAM goods,0.0,0.0,L,1,below 1 percent of EBITDA,80.0,0.39,20.0,50.0,true,false,below_mass_threshold,"Below the mass threshold, nothing owed this year"
B003,2032,delayed_transition,adopted,2,Imports CBAM goods,0.0,0.0,L,1,below 1 percent of EBITDA,80.0,0.265,20.0,50.0,true,false,below_mass_threshold,"Below the mass threshold, nothing owed this year"
B003,2033,delayed_transition,adopted,2,Imports CBAM goods,0.0,0.0,L,1,below 1 percent of EBITDA,80.0,0.14,20.0,50.0,true,false,below_mass_threshold,"Below the mass threshold, nothing owed this year"
B003,2034,delayed_transition,adopted,2,Imports CBAM goods,0.0,0.0,L,1,below 1 percent of EBITDA,80.0,0.0,20.0,50.0,true,false,below_mass_threshold,"Below the mass threshold, nothing owed this year"
B003,2035,delayed_transition,adopted,2,Imports CBAM goods,0.0,0.0,L,1,below 1 percent of EBITDA,80.0,0.0,20.0,50.0,true,false,below_mass_threshold,"Below the mass threshold, nothing owed this year"
B003,2026,net_zero_2050,adopted,2,Imports CBAM goods,0.0,0.0,L,1,below 1 percent of EBITDA,100.0,0.975,20.0,50.0,true,false,below_mass_threshold,"Below the mass threshold, nothing owed this year"
B003,2027,net_zero_2050,adopted,2,Imports CBAM goods,0.0,0.0,L,1,below 1 percent of EBITDA,100.0,0.95,20.0,50.0,true,false,below_mass_threshold,"Below the mass threshold, nothing owed this year"
B003,2028,net_zero_2050,adopted,2,Imports CBAM goods,0.0,0.0,L,1,below 1 percent of EBITDA,100.0,0.9,20.0,50.0,true,false,below_mass_threshold,"Below the mass threshold, nothing owed this year"
B003,2029,net_zero_2050,adopted,2,Imports CBAM goods,0.0,0.0,L,1,below 1 percent of EBITDA,100.0,0.775,20.0,50.0,true,false,below_mass_threshold,"Below the mass threshold, nothing owed this year"
B003,2030,net_zero_2050,adopted,2,Imports CBAM goods,0.0,0.0,L,1,below 1 percent of EBITDA,100.0,0.515,20.0,50.0,true,false,below_mass_threshold,"Below the mass threshold, nothing owed this year"
B003,2031,net_zero_2050,adopted,2,Imports CBAM goods,0.0,0.0,L,1,below 1 percent of EBITDA,100.0,0.39,20.0,50.0,true,false,below_mass_threshold,"Below the mass threshold, nothing owed this year"
B003,2032,net_zero_2050,adopted,2,Imports CBAM goods,0.0,0.0,L,1,below 1 percent of EBITDA,100.0,0.265,20.0,50.0,true,false,below_mass_threshold,"Below the mass threshold, nothing owed this year"
B003,2033,net_zero_2050,adopted,2,Imports CBAM goods,0.0,0.0,L,1,below 1 percent of EBITDA,100.0,0.14,20.0,50.0,true,false,below_mass_threshold,"Below the mass threshold, nothing owed this year"
B003,2034,net_zero_2050,adopted,2,Imports CBAM goods,0.0,0.0,L,1,below 1 percent of EBITDA,100.0,0.0,20.0,50.0,true,false,below_mass_threshold,"Below the mass threshold, nothing owed this year"
B003,2035,net_zero_2050,adopted,2,Imports CBAM goods,0.0,0.0,L,1,below 1 percent of EBITDA,100.0,0.0,20.0,50.0,true,false,below_mass_threshold,"Below the mass threshold, nothing owed this year"
B003,2026,current_policies,proposal,2,Imports CBAM goods,0.0,0.0,L,1,below 1 percent of EBITDA,60.0,0.975,20.0,50.0,true,false,below_mass_threshold,"Below the mass threshold, nothing owed this year"
B003,2027,current_policies,proposal,2,Imports CBAM goods,0.0,0.0,L,1,below 1 percent of EBITDA,60.0,0.95,20.0,50.0,true,false,below_mass_threshold,"Below the mass threshold, nothing owed this year"
B003,2028,current_policies,proposal,2,Imports CBAM goods,0.0,0.0,L,1,below 1 percent of EBITDA,60.0,0.9,20.0,50.0,true,false,below_mass_threshold,"Below the mass threshold, nothing owed this year"
B003,2029,current_policies,proposal,2,Imports CBAM goods,0.0,0.0,L,1,below 1 percent of EBITDA,60.0,0.85,20.0,50.0,true,false,below_mass_threshold,"Below the mass threshold, nothing owed this year"
B003,2030,current_policies,proposal,2,Imports CBAM goods,0.0,0.0,L,1,below 1 percent of EBITDA,60.0,0.8,20.0,50.0,true,false,below_mass_threshold,"Below the mass threshold, nothing owed this year"
B003,2031,current_policies,proposal,2,Imports CBAM goods,0.0,0.0,L,1,below 1 percent of EBITDA,60.0,0.7,20.0,50.0,true,false,below_mass_threshold,"Below the mass threshold, nothing owed this year"
B003,2032,current_policies,proposal,2,Imports CBAM goods,0.0,0.0,L,1,below 1 percent of EBITDA,60.0,0.6,20.0,50.0,true,false,below_mass_threshold,"Below the mass threshold, nothing owed this year"
B003,2033,current_policies,proposal,2,Imports CBAM goods,0.0,0.0,L,1,below 1 percent of EBITDA,60.0,0.5,20.0,50.0,true,false,below_mass_threshold,"Below the mass threshold, nothing owed this year"
B003,2034,current_policies,proposal,2,Imports CBAM goods,0.0,0.0,L,1,below 1 percent of EBITDA,60.0,0.4,20.0,50.0,true,false,below_mass_threshold,"Below the mass threshold, nothing owed this year"
B003,2035,current_policies,proposal,2,Imports CBAM goods,0.0,0.0,L,1,below 1 percent of EBITDA,60.0,0.3,20.0,50.0,true,false,below_mass_threshold,"Below the mass threshold, nothing owed this year"
B003,2026,delayed_transition,proposal,2,Imports CBAM goods,0.0,0.0,L,1,below 1 percent of EBITDA,80.0,0.975,20.0,50.0,true,false,below_mass_threshold,"Below the mass threshold, nothing owed this year"
B003,2027,delayed_transition,proposal,2,Imports CBAM goods,0.0,0.0,L,1,below 1 percent of EBITDA,80.0,0.95,20.0,50.0,true,false,below_mass_threshold,"Below the mass threshold, nothing owed this year"
B003,2028,delayed_transition,proposal,2,Imports CBAM goods,0.0,0.0,L,1,below 1 percent of EBITDA,80.0,0.9,20.0,50.0,true,false,below_mass_threshold,"Below the mass threshold, nothing owed this year"
B003,2029,delayed_transition,proposal,2,Imports CBAM goods,0.0,0.0,L,1,below 1 percent of EBITDA,80.0,0.85,20.0,50.0,true,false,below_mass_threshold,"Below the mass threshold, nothing owed this year"
B003,2030,delayed_transition,proposal,2,Imports CBAM goods,0.0,0.0,L,1,below 1 percent of EBITDA,80.0,0.8,20.0,50.0,true,false,below_mass_threshold,"Below the mass threshold, nothing owed this year"
B003,2031,delayed_transition,proposal,2,Imports CBAM goods,0.0,0.0,L,1,below 1 percent of EBITDA,80.0,0.7,20.0,50.0,true,false,below_mass_threshold,"Below the mass threshold, nothing owed this year"
B003,2032,delayed_transition,proposal,2,Imports CBAM goods,0.0,0.0,L,1,below 1 percent of EBITDA,80.0,0.6,20.0,50.0,true,false,below_mass_threshold,"Below the mass threshold, nothing owed this year"
B003,2033,delayed_transition,proposal,2,Imports CBAM goods,0.0,0.0,L,1,below 1 percent of EBITDA,80.0,0.5,20.0,50.0,true,false,below_mass_threshold,"Below the mass threshold, nothing owed this year"
B003,2034,delayed_transition,proposal,2,Imports CBAM goods,0.0,0.0,L,1,below 1 percent of EBITDA,80.0,0.4,20.0,50.0,true,false,below_mass_threshold,"Below the mass threshold, nothing owed this year"
B003,2035,delayed_transition,proposal,2,Imports CBAM goods,0.0,0.0,L,1,below 1 percent of EBITDA,80.0,0.3,20.0,50.0,true,false,below_mass_threshold,"Below the mass threshold, nothing owed this year"
B003,2026,net_zero_2050,proposal,2,Imports CBAM goods,0.0,0.0,L,1,below 1 percent of EBITDA,100.0,0.975,20.0,50.0,true,false,below_mass_threshold,"Below the mass threshold, nothing owed this year"
B003,2027,net_zero_2050,proposal,2,Imports CBAM goods,0.0,0.0,L,1,below 1 percent of EBITDA,100.0,0.95,20.0,50.0,true,false,below_mass_threshold,"Below the mass threshold, nothing owed this year"
B003,2028,net_zero_2050,proposal,2,Imports CBAM goods,0.0,0.0,L,1,below 1 percent of EBITDA,100.0,0.9,20.0,50.0,true,false,below_mass_threshold,"Below the mass threshold, nothing owed this year"
B003,2029,net_zero_2050,proposal,2,Imports CBAM goods,0.0,0.0,L,1,below 1 percent of EBITDA,100.0,0.85,20.0,50.0,true,false,below_mass_threshold,"Below the mass threshold, nothing owed this year"
B003,2030,net_zero_2050,proposal,2,Imports CBAM goods,0.0,0.0,L,1,below 1 percent of EBITDA,100.0,0.8,20.0,50.0,true,false,below_mass_threshold,"Below the mass threshold, nothing owed this year"
B003,2031,net_zero_2050,proposal,2,Imports CBAM goods,0.0,0.0,L,1,below 1 percent of EBITDA,100.0,0.7,20.0,50.0,true,false,below_mass_threshold,"Below the mass threshold, nothing owed this year"
B003,2032,net_zero_2050,proposal,2,Imports CBAM goods,0.0,0.0,L,1,below 1 percent of EBITDA,100.0,0.6,20.0,50.0,true,false,below_mass_threshold,"Below the mass threshold, nothing owed this year"
B003,2033,net_zero_2050,proposal,2,Imports CBAM goods,0.0,0.0,L,1,below 1 percent of EBITDA,100.0,0.5,20.0,50.0,true,false,below_mass_threshold,"Below the mass threshold, nothing owed this year"
B003,2034,net_zero_2050,proposal,2,Imports CBAM goods,0.0,0.0,L,1,below 1 percent of EBITDA,100.0,0.4,20.0,50.0,true,false,below_mass_threshold,"Below the mass threshold, nothing owed this year"
B003,2035,net_zero_2050,proposal,2,Imports CBAM goods,0.0,0.0,L,1,below 1 percent of EBITDA,100.0,0.3,20.0,50.0,true,false,below_mass_threshold,"Below the mass threshold, nothing owed this year"
B004,2026,current_policies,adopted,2,Imports CBAM goods,3510.0,0.0039000000000000037,L,1,below 1 percent of EBITDA,60.0,0.975,900.0,50.0,false,false,direct_obligation,Certificates on imported goods
B004,2027,current_policies,adopted,2,Imports CBAM goods,7020.0,0.0078000000000000074,L,1,below 1 percent of EBITDA,60.0,0.95,900.0,50.0,false,false,direct_obligation,Certificates on imported goods
B004,2028,current_policies,adopted,2,Imports CBAM goods,14040.0,0.015599999999999996,ML,2,1 to 3 percent of EBITDA,60.0,0.9,900.0,50.0,false,false,direct_obligation,Certificates on imported goods
B004,2029,current_policies,adopted,2,Imports CBAM goods,31590.0,0.0351,M,3,3 to 6 percent of EBITDA,60.0,0.775,900.0,50.0,false,false,direct_obligation,Certificates on imported goods
B004,2030,current_policies,adopted,2,Imports CBAM goods,68094.0,0.07566,MH,4,6 to 12 percent of EBITDA,60.0,0.515,900.0,50.0,false,false,direct_obligation,Certificates on imported goods
B004,2031,current_policies,adopted,2,Imports CBAM goods,85644.0,0.09516,MH,4,6 to 12 percent of EBITDA,60.0,0.39,900.0,50.0,false,false,direct_obligation,Certificates on imported goods
B004,2032,current_policies,adopted,2,Imports CBAM goods,103194.0,0.11466,MH,4,6 to 12 percent of EBITDA,60.0,0.265,900.0,50.0,false,false,direct_obligation,Certificates on imported goods
B004,2033,current_policies,adopted,2,Imports CBAM goods,120744.0,0.13416,H,5,above 12 percent of EBITDA,60.0,0.14,900.0,50.0,false,false,direct_obligation,Certificates on imported goods
B004,2034,current_policies,adopted,2,Imports CBAM goods,140400.0,0.156,H,5,above 12 percent of EBITDA,60.0,0.0,900.0,50.0,false,false,direct_obligation,Certificates on imported goods
B004,2035,current_policies,adopted,2,Imports CBAM goods,140400.0,0.156,H,5,above 12 percent of EBITDA,60.0,0.0,900.0,50.0,false,false,direct_obligation,Certificates on imported goods
B004,2026,delayed_transition,adopted,2,Imports CBAM goods,4680.0,0.005200000000000005,L,1,below 1 percent of EBITDA,80.0,0.975,900.0,50.0,false,false,direct_obligation,Certificates on imported goods
B004,2027,delayed_transition,adopted,2,Imports CBAM goods,9360.0,0.01040000000000001,ML,2,1 to 3 percent of EBITDA,80.0,0.95,900.0,50.0,false,false,direct_obligation,Certificates on imported goods
B004,2028,delayed_transition,adopted,2,Imports CBAM goods,18720.0,0.020799999999999996,ML,2,1 to 3 percent of EBITDA,80.0,0.9,900.0,50.0,false,false,direct_obligation,Certificates on imported goods
B004,2029,delayed_transition,adopted,2,Imports CBAM goods,42120.0,0.046799999999999994,M,3,3 to 6 percent of EBITDA,80.0,0.775,900.0,50.0,false,false,direct_obligation,Certificates on imported goods
B004,2030,delayed_transition,adopted,2,Imports CBAM goods,90792.0,0.10088,MH,4,6 to 12 percent of EBITDA,80.0,0.515,900.0,50.0,false,false,direct_obligation,Certificates on imported goods
B004,2031,delayed_transition,adopted,2,Imports CBAM goods,114192.0,0.12688,H,5,above 12 percent of EBITDA,80.0,0.39,900.0,50.0,false,false,direct_obligation,Certificates on imported goods
B004,2032,delayed_transition,adopted,2,Imports CBAM goods,137592.0,0.15288,H,5,above 12 percent of EBITDA,80.0,0.265,900.0,50.0,false,false,direct_obligation,Certificates on imported goods
B004,2033,delayed_transition,adopted,2,Imports CBAM goods,160992.0,0.17888,H,5,above 12 percent of EBITDA,80.0,0.14,900.0,50.0,false,false,direct_obligation,Certificates on imported goods
B004,2034,delayed_transition,adopted,2,Imports CBAM goods,187200.0,0.208,H,5,above 12 percent of EBITDA,80.0,0.0,900.0,50.0,false,false,direct_obligation,Certificates on imported goods
B004,2035,delayed_transition,adopted,2,Imports CBAM goods,187200.0,0.208,H,5,above 12 percent of EBITDA,80.0,0.0,900.0,50.0,false,false,direct_obligation,Certificates on imported goods
B004,2026,net_zero_2050,adopted,2,Imports CBAM goods,5850.0,0.006500000000000006,L,1,below 1 percent of EBITDA,100.0,0.975,900.0,50.0,false,false,direct_obligation,Certificates on imported goods
B004,2027,net_zero_2050,adopted,2,Imports CBAM goods,11700.0,0.013000000000000012,ML,2,1 to 3 percent of EBITDA,100.0,0.95,900.0,50.0,false,false,direct_obligation,Certificates on imported goods
B004,2028,net_zero_2050,adopted,2,Imports CBAM goods,23400.0,0.025999999999999995,ML,2,1 to 3 percent of EBITDA,100.0,0.9,900.0,50.0,false,false,direct_obligation,Certificates on imported goods
B004,2029,net_zero_2050,adopted,2,Imports CBAM goods,52650.0,0.05849999999999999,M,3,3 to 6 percent of EBITDA,100.0,0.775,900.0,50.0,false,false,direct_obligation,Certificates on imported goods
B004,2030,net_zero_2050,adopted,2,Imports CBAM goods,113490.0,0.1261,H,5,above 12 percent of EBITDA,100.0,0.515,900.0,50.0,false,false,direct_obligation,Certificates on imported goods
B004,2031,net_zero_2050,adopted,2,Imports CBAM goods,142740.0,0.1586,H,5,above 12 percent of EBITDA,100.0,0.39,900.0,50.0,false,false,direct_obligation,Certificates on imported goods
B004,2032,net_zero_2050,adopted,2,Imports CBAM goods,171990.0,0.1911,H,5,above 12 percent of EBITDA,100.0,0.265,900.0,50.0,false,false,direct_obligation,Certificates on imported goods
B004,2033,net_zero_2050,adopted,2,Imports CBAM goods,201240.0,0.2236,H,5,above 12 percent of EBITDA,100.0,0.14,900.0,50.0,false,false,direct_obligation,Certificates on imported goods
B004,2034,net_zero_2050,adopted,2,Imports CBAM goods,234000.0,0.26,H,5,above 12 percent of EBITDA,100.0,0.0,900.0,50.0,false,false,direct_obligation,Certificates on imported goods
B004,2035,net_zero_2050,adopted,2,Imports CBAM goods,234000.0,0.26,H,5,above 12 percent of EBITDA,100.0,0.0,900.0,50.0,false,false,direct_obligation,Certificates on imported goods
B004,2026,current_policies,proposal,2,Imports CBAM goods,3510.0,0.0039000000000000037,L,1,below 1 percent of EBITDA,60.0,0.975,900.0,50.0,false,false,direct_obligation,Certificates on imported goods
B004,2027,current_policies,proposal,2,Imports CBAM goods,7020.0,0.0078000000000000074,L,1,below 1 percent of EBITDA,60.0,0.95,900.0,50.0,false,false,direct_obligation,Certificates on imported goods
B004,2028,current_policies,proposal,2,Imports CBAM goods,14040.0,0.015599999999999996,ML,2,1 to 3 percent of EBITDA,60.0,0.9,900.0,50.0,false,false,direct_obligation,Certificates on imported goods
B004,2029,current_policies,proposal,2,Imports CBAM goods,21060.0,0.023400000000000004,ML,2,1 to 3 percent of EBITDA,60.0,0.85,900.0,50.0,false,false,direct_obligation,Certificates on imported goods
B004,2030,current_policies,proposal,2,Imports CBAM goods,28080.0,0.03119999999999999,M,3,3 to 6 percent of EBITDA,60.0,0.8,900.0,50.0,false,false,direct_obligation,Certificates on imported goods
B004,2031,current_policies,proposal,2,Imports CBAM goods,42120.0,0.04680000000000001,M,3,3 to 6 percent of EBITDA,60.0,0.7,900.0,50.0,false,false,direct_obligation,Certificates on imported goods
B004,2032,current_policies,proposal,2,Imports CBAM goods,56160.0,0.0624,MH,4,6 to 12 percent of EBITDA,60.0,0.6,900.0,50.0,false,false,direct_obligation,Certificates on imported goods
B004,2033,current_policies,proposal,2,Imports CBAM goods,70200.0,0.078,MH,4,6 to 12 percent of EBITDA,60.0,0.5,900.0,50.0,false,false,direct_obligation,Certificates on imported goods
B004,2034,current_policies,proposal,2,Imports CBAM goods,84240.0,0.0936,MH,4,6 to 12 percent of EBITDA,60.0,0.4,900.0,50.0,false,false,direct_obligation,Certificates on imported goods
B004,2035,current_policies,proposal,2,Imports CBAM goods,98280.0,0.1092,MH,4,6 to 12 percent of EBITDA,60.0,0.3,900.0,50.0,false,false,direct_obligation,Certificates on imported goods
B004,2026,delayed_transition,proposal,2,Imports CBAM goods,4680.0,0.005200000000000005,L,1,below 1 percent of EBITDA,80.0,0.975,900.0,50.0,false,false,direct_obligation,Certificates on imported goods
B004,2027,delayed_transition,proposal,2,Imports CBAM goods,9360.0,0.01040000000000001,ML,2,1 to 3 percent of EBITDA,80.0,0.95,900.0,50.0,false,false,direct_obligation,Certificates on imported goods
B004,2028,delayed_transition,proposal,2,Imports CBAM goods,18720.0,0.020799999999999996,ML,2,1 to 3 percent of EBITDA,80.0,0.9,900.0,50.0,false,false,direct_obligation,Certificates on imported goods
B004,2029,delayed_transition,proposal,2,Imports CBAM goods,28080.0,0.031200000000000006,M,3,3 to 6 percent of EBITDA,80.0,0.85,900.0,50.0,false,false,direct_obligation,Certificates on imported goods
B004,2030,delayed_transition,proposal,2,Imports CBAM goods,37440.0,0.04159999999999999,M,3,3 to 6 percent of EBITDA,80.0,0.8,900.0,50.0,false,false,direct_obligation,Certificates on imported goods
B004,2031,delayed_transition,proposal,2,Imports CBAM goods,56160.0,0.06240000000000001,MH,4,6 to 12 percent of EBITDA,80.0,0.7,900.0,50.0,false,false,direct_obligation,Certificates on imported goods
B004,2032,delayed_transition,proposal,2,Imports CBAM goods,74880.0,0.0832,MH,4,6 to 12 percent of EBITDA,80.0,0.6,900.0,50.0,false,false,direct_obligation,Certificates on imported goods
B004,2033,delayed_transition,proposal,2,Imports CBAM goods,93600.0,0.104,MH,4,6 to 12 percent of EBITDA,80.0,0.5,900.0,50.0,false,false,direct_obligation,Certificates on imported goods
B004,2034,delayed_transition,proposal,2,Imports CBAM goods,112320.0,0.1248,H,5,above 12 percent of EBITDA,80.0,0.4,900.0,50.0,false,false,direct_obligation,Certificates on imported goods
B004,2035,delayed_transition,proposal,2,Imports CBAM goods,131040.0,0.14559999999999998,H,5,above 12 percent of EBITDA,80.0,0.3,900.0,50.0,false,false,direct_obligation,Certificates on imported goods
B004,2026,net_zero_2050,proposal,2,Imports CBAM goods,5850.0,0.006500000000000006,L,1,below 1 percent of EBITDA,100.0,0.975,900.0,50.0,false,false,direct_obligation,Certificates on imported goods
B004,2027,net_zero_2050,proposal,2,Imports CBAM goods,11700.0,0.013000000000000012,ML,2,1 to 3 percent of EBITDA,100.0,0.95,900.0,50.0,false,false,direct_obligation,Certificates on imported goods
B004,2028,net_zero_2050,proposal,2,Imports CBAM goods,23400.0,0.025999999999999995,ML,2,1 to 3 percent of EBITDA,100.0,0.9,900.0,50.0,false,false,direct_obligation,Certificates on imported goods
B004,2029,net_zero_2050,proposal,2,Imports CBAM goods,35100.0,0.03900000000000001,M,3,3 to 6 percent of EBITDA,100.0,0.85,900.0,50.0,false,false,direct_obligation,Certificates on imported goods
B004,2030,net_zero_2050,proposal,2,Imports CBAM goods,46800.0,0.05199999999999999,M,3,3 to 6 percent of EBITDA,100.0,0.8,900.0,50.0,false,false,direct_obligation,Certificates on imported goods
B004,2031,net_zero_2050,proposal,2,Imports CBAM goods,70200.0,0.07800000000000001,MH,4,6 to 12 percent of EBITDA,100.0,0.7,900.0,50.0,false,false,direct_obligation,Certificates on imported goods
B004,2032,net_zero_2050,proposal,2,Imports CBAM goods,93600.0,0.104,MH,4,6 to 12 percent of EBITDA,100.0,0.6,900.0,50.0,false,false,direct_obligation,Certificates on imported goods
B004,2033,net_zero_2050,proposal,2,Imports CBAM goods,117000.0,0.13,H,5,above 12 percent of EBITDA,100.0,0.5,900.0,50.0,false,false,direct_obligation,Certificates on imported goods
B004,2034,net_zero_2050,proposal,2,Imports CBAM goods,140400.0,0.156,H,5,above 12 percent of EBITDA,100.0,0.4,900.0,50.0,false,false,direct_obligation,Certificates on imported goods
B004,2035,net_zero_2050,proposal,2,Imports CBAM goods,163800.0,0.182,H,5,above 12 percent of EBITDA,100.0,0.3,900.0,50.0,false,false,direct_obligation,Certificates on imported goods
B005,2026,current_policies,adopted,0,Not affected,0.0,0.0,L,1,below 1 percent of EBITDA,60.0,0.975,800.0,50.0,false,false,out_of_scope,"Not in scope, nothing owed"
B005,2027,current_policies,adopted,0,Not affected,0.0,0.0,L,1,below 1 percent of EBITDA,60.0,0.95,800.0,50.0,false,false,out_of_scope,"Not in scope, nothing owed"
B005,2028,current_policies,adopted,0,Not affected,0.0,0.0,L,1,below 1 percent of EBITDA,60.0,0.9,800.0,50.0,false,false,out_of_scope,"Not in scope, nothing owed"
B005,2029,current_policies,adopted,0,Not affected,0.0,0.0,L,1,below 1 percent of EBITDA,60.0,0.775,800.0,50.0,false,false,out_of_scope,"Not in scope, nothing owed"
B005,2030,current_policies,adopted,0,Not affected,0.0,0.0,L,1,below 1 percent of EBITDA,60.0,0.515,800.0,50.0,false,false,out_of_scope,"Not in scope, nothing owed"
B005,2031,current_policies,adopted,0,Not affected,0.0,0.0,L,1,below 1 percent of EBITDA,60.0,0.39,800.0,50.0,false,false,out_of_scope,"Not in scope, nothing owed"
B005,2032,current_policies,adopted,0,Not affected,0.0,0.0,L,1,below 1 percent of EBITDA,60.0,0.265,800.0,50.0,false,false,out_of_scope,"Not in scope, nothing owed"
B005,2033,current_policies,adopted,0,Not affected,0.0,0.0,L,1,below 1 percent of EBITDA,60.0,0.14,800.0,50.0,false,false,out_of_scope,"Not in scope, nothing owed"
B005,2034,current_policies,adopted,0,Not affected,0.0,0.0,L,1,below 1 percent of EBITDA,60.0,0.0,800.0,50.0,false,false,out_of_scope,"Not in scope, nothing owed"
B005,2035,current_policies,adopted,0,Not affected,0.0,0.0,L,1,below 1 percent of EBITDA,60.0,0.0,800.0,50.0,false,false,out_of_scope,"Not in scope, nothing owed"
B005,2026,delayed_transition,adopted,0,Not affected,0.0,0.0,L,1,below 1 percent of EBITDA,80.0,0.975,800.0,50.0,false,false,out_of_scope,"Not in scope, nothing owed"
B005,2027,delayed_transition,adopted,0,Not affected,0.0,0.0,L,1,below 1 percent of EBITDA,80.0,0.95,800.0,50.0,false,false,out_of_scope,"Not in scope, nothing owed"
B005,2028,delayed_transition,adopted,0,Not affected,0.0,0.0,L,1,below 1 percent of EBITDA,80.0,0.9,800.0,50.0,false,false,out_of_scope,"Not in scope, nothing owed"
B005,2029,delayed_transition,adopted,0,Not affected,0.0,0.0,L,1,below 1 percent of EBITDA,80.0,0.775,800.0,50.0,false,false,out_of_scope,"Not in scope, nothing owed"
B005,2030,delayed_transition,adopted,0,Not affected,0.0,0.0,L,1,below 1 percent of EBITDA,80.0,0.515,800.0,50.0,false,false,out_of_scope,"Not in scope, nothing owed"
B005,2031,delayed_transition,adopted,0,Not affected,0.0,0.0,L,1,below 1 percent of EBITDA,80.0,0.39,800.0,50.0,false,false,out_of_scope,"Not in scope, nothing owed"
B005,2032,delayed_transition,adopted,0,Not affected,0.0,0.0,L,1,below 1 percent of EBITDA,80.0,0.265,800.0,50.0,false,false,out_of_scope,"Not in scope, nothing owed"
B005,2033,delayed_transition,adopted,0,Not affected,0.0,0.0,L,1,below 1 percent of EBITDA,80.0,0.14,800.0,50.0,false,false,out_of_scope,"Not in scope, nothing owed"
B005,2034,delayed_transition,adopted,0,Not affected,0.0,0.0,L,1,below 1 percent of EBITDA,80.0,0.0,800.0,50.0,false,false,out_of_scope,"Not in scope, nothing owed"
B005,2035,delayed_transition,adopted,0,Not affected,0.0,0.0,L,1,below 1 percent of EBITDA,80.0,0.0,800.0,50.0,false,false,out_of_scope,"Not in scope, nothing owed"
B005,2026,net_zero_2050,adopted,0,Not affected,0.0,0.0,L,1,below 1 percent of EBITDA,100.0,0.975,800.0,50.0,false,false,out_of_scope,"Not in scope, nothing owed"
B005,2027,net_zero_2050,adopted,0,Not affected,0.0,0.0,L,1,below 1 percent of EBITDA,100.0,0.95,800.0,50.0,false,false,out_of_scope,"Not in scope, nothing owed"
B005,2028,net_zero_2050,adopted,0,Not affected,0.0,0.0,L,1,below 1 percent of EBITDA,100.0,0.9,800.0,50.0,false,false,out_of_scope,"Not in scope, nothing owed"
B005,2029,net_zero_2050,adopted,0,Not affected,0.0,0.0,L,1,below 1 percent of EBITDA,100.0,0.775,800.0,50.0,false,false,out_of_scope,"Not in scope, nothing owed"
B005,2030,net_zero_2050,adopted,0,Not affected,0.0,0.0,L,1,below 1 percent of EBITDA,100.0,0.515,800.0,50.0,false,false,out_of_scope,"Not in scope, nothing owed"
B005,2031,net_zero_2050,adopted,0,Not affected,0.0,0.0,L,1,below 1 percent of EBITDA,100.0,0.39,800.0,50.0,false,false,out_of_scope,"Not in scope, nothing owed"
B005,2032,net_zero_2050,adopted,0,Not affected,0.0,0.0,L,1,below 1 percent of EBITDA,100.0,0.265,800.0,50.0,false,false,out_of_scope,"Not in scope, nothing owed"
B005,2033,net_zero_2050,adopted,0,Not affected,0.0,0.0,L,1,below 1 percent of EBITDA,100.0,0.14,800.0,50.0,false,false,out_of_scope,"Not in scope, nothing owed"
B005,2034,net_zero_2050,adopted,0,Not affected,0.0,0.0,L,1,below 1 percent of EBITDA,100.0,0.0,800.0,50.0,false,false,out_of_scope,"Not in scope, nothing owed"
B005,2035,net_zero_2050,adopted,0,Not affected,0.0,0.0,L,1,below 1 percent of EBITDA,100.0,0.0,800.0,50.0,false,false,out_of_scope,"Not in scope, nothing owed"
B005,2026,current_policies,proposal,0,Not affected,0.0,0.0,L,1,below 1 percent of EBITDA,60.0,0.975,800.0,50.0,false,false,out_of_scope,"Not in scope, nothing owed"
B005,2027,current_policies,proposal,0,Not affected,0.0,0.0,L,1,below 1 percent of EBITDA,60.0,0.95,800.0,50.0,false,false,out_of_scope,"Not in scope, nothing owed"
B005,2028,current_policies,proposal,0,Not affected,0.0,0.0,L,1,below 1 percent of EBITDA,60.0,0.9,800.0,50.0,false,false,out_of_scope,"Not in scope, nothing owed"
B005,2029,current_policies,proposal,0,Not affected,0.0,0.0,L,1,below 1 percent of EBITDA,60.0,0.85,800.0,50.0,false,false,out_of_scope,"Not in scope, nothing owed"
B005,2030,current_policies,proposal,0,Not affected,0.0,0.0,L,1,below 1 percent of EBITDA,60.0,0.8,800.0,50.0,false,false,out_of_scope,"Not in scope, nothing owed"
B005,2031,current_policies,proposal,0,Not affected,0.0,0.0,L,1,below 1 percent of EBITDA,60.0,0.7,800.0,50.0,false,false,out_of_scope,"Not in scope, nothing owed"
B005,2032,current_policies,proposal,0,Not affected,0.0,0.0,L,1,below 1 percent of EBITDA,60.0,0.6,800.0,50.0,false,false,out_of_scope,"Not in scope, nothing owed"
B005,2033,current_policies,proposal,0,Not affected,0.0,0.0,L,1,below 1 percent of EBITDA,60.0,0.5,800.0,50.0,false,false,out_of_scope,"Not in scope, nothing owed"
B005,2034,current_policies,proposal,0,Not affected,0.0,0.0,L,1,below 1 percent of EBITDA,60.0,0.4,800.0,50.0,false,false,out_of_scope,"Not in scope, nothing owed"
B005,2035,current_policies,proposal,0,Not affected,0.0,0.0,L,1,below 1 percent of EBITDA,60.0,0.3,800.0,50.0,false,false,out_of_scope,"Not in scope, nothing owed"
B005,2026,delayed_transition,proposal,0,Not affected,0.0,0.0,L,1,below 1 percent of EBITDA,80.0,0.975,800.0,50.0,false,false,out_of_scope,"Not in scope, nothing owed"
B005,2027,delayed_transition,proposal,0,Not affected,0.0,0.0,L,1,below 1 percent of EBITDA,80.0,0.95,800.0,50.0,false,false,out_of_scope,"Not in scope, nothing owed"
B005,2028,delayed_transition,proposal,0,Not affected,0.0,0.0,L,1,below 1 percent of EBITDA,80.0,0.9,800.0,50.0,false,false,out_of_scope,"Not in scope, nothing owed"
B005,2029,delayed_transition,proposal,0,Not affected,0.0,0.0,L,1,below 1 percent of EBITDA,80.0,0.85,800.0,50.0,false,false,out_of_scope,"Not in scope, nothing owed"
B005,2030,delayed_transition,proposal,0,Not affected,0.0,0.0,L,1,below 1 percent of EBITDA,80.0,0.8,800.0,50.0,false,false,out_of_scope,"Not in scope, nothing owed"
B005,2031,delayed_transition,proposal,0,Not affected,0.0,0.0,L,1,below 1 percent of EBITDA,80.0,0.7,800.0,50.0,false,false,out_of_scope,"Not in scope, nothing owed"
B005,2032,delayed_transition,proposal,0,Not affected,0.0,0.0,L,1,below 1 percent of EBITDA,80.0,0.6,800.0,50.0,false,false,out_of_scope,"Not in scope, nothing owed"
B005,2033,delayed_transition,proposal,0,Not affected,0.0,0.0,L,1,below 1 percent of EBITDA,80.0,0.5,800.0,50.0,false,false,out_of_scope,"Not in scope, nothing owed"
B005,2034,delayed_transition,proposal,0,Not affected,0.0,0.0,L,1,below 1 percent of EBITDA,80.0,0.4,800.0,50.0,false,false,out_of_scope,"Not in scope, nothing owed"
B005,2035,delayed_transition,proposal,0,Not affected,0.0,0.0,L,1,below 1 percent of EBITDA,80.0,0.3,800.0,50.0,false,false,out_of_scope,"Not in scope, nothing owed"
B005,2026,net_zero_2050,proposal,0,Not affected,0.0,0.0,L,1,below 1 percent of EBITDA,100.0,0.975,800.0,50.0,false,false,out_of_scope,"Not in scope, nothing owed"
B005,2027,net_zero_2050,proposal,0,Not affected,0.0,0.0,L,1,below 1 percent of EBITDA,100.0,0.95,800.0,50.0,false,false,out_of_scope,"Not in scope, nothing owed"
B005,2028,net_zero_2050,proposal,0,Not affected,0.0,0.0,L,1,below 1 percent of EBITDA,100.0,0.9,800.0,50.0,false,false,out_of_scope,"Not in scope, nothing owed"
B005,2029,net_zero_2050,proposal,0,Not affected,0.0,0.0,L,1,below 1 percent of EBITDA,100.0,0.85,800.0,50.0,false,false,out_of_scope,"Not in scope, nothing owed"
B005,2030,net_zero_2050,proposal,0,Not affected,0.0,0.0,L,1,below 1 percent of EBITDA,100.0,0.8,800.0,50.0,false,false,out_of_scope,"Not in scope, nothing owed"
B005,2031,net_zero_2050,proposal,0,Not affected,0.0,0.0,L,1,below 1 percent of EBITDA,100.0,0.7,800.0,50.0,false,false,out_of_scope,"Not in scope, nothing owed"
B005,2032,net_zero_2050,proposal,0,Not affected,0.0,0.0,L,1,below 1 percent of EBITDA,100.0,0.6,800.0,50.0,false,false,out_of_scope,"Not in scope, nothing owed"
B005,2033,net_zero_2050,proposal,0,Not affected,0.0,0.0,L,1,below 1 percent of EBITDA,100.0,0.5,800.0,50.0,false,false,out_of_scope,"Not in scope, nothing owed"
B005,2034,net_zero_2050,proposal,0,Not affected,0.0,0.0,L,1,below 1 percent of EBITDA,100.0,0.4,800.0,50.0,false,false,out_of_scope,"Not in scope, nothing owed"
B005,2035,net_zero_2050,proposal,0,Not affected,0.0,0.0,L,1,below 1 percent of EBITDA,100.0,0.3,800.0,50.0,false,false,out_of_scope,"Not in scope, nothing owed"
B006,2026,current_policies,adopted,2,Imports CBAM goods,855.0,0.0017100000000000017,L,1,below 1 percent of EBITDA,60.0,0.975,300.0,50.0,false,false,direct_obligation,Certificates on imported goods
B006,2027,current_policies,adopted,2,Imports CBAM goods,1710.0,0.0034200000000000033,L,1,below 1 percent of EBITDA,60.0,0.95,300.0,50.0,false,false,direct_obligation,Certificates on imported goods
B006,2028,current_policies,adopted,2,Imports CBAM goods,3420.0,0.006839999999999998,L,1,below 1 percent of EBITDA,60.0,0.9,300.0,50.0,false,false,direct_obligation,Certificates on imported goods
B006,2029,current_policies,adopted,2,Imports CBAM goods,7695.0,0.015389999999999997,ML,2,1 to 3 percent of EBITDA,60.0,0.775,300.0,50.0,false,false,direct_obligation,Certificates on imported goods
B006,2030,current_policies,adopted,2,Imports CBAM goods,16587.0,0.033174,M,3,3 to 6 percent of EBITDA,60.0,0.515,300.0,50.0,false,false,direct_obligation,Certificates on imported goods
B006,2031,current_policies,adopted,2,Imports CBAM goods,20862.0,0.041724,M,3,3 to 6 percent of EBITDA,60.0,0.39,300.0,50.0,false,false,direct_obligation,Certificates on imported goods
B006,2032,current_policies,adopted,2,Imports CBAM goods,25137.0,0.050274,M,3,3 to 6 percent of EBITDA,60.0,0.265,300.0,50.0,false,false,direct_obligation,Certificates on imported goods
B006,2033,current_policies,adopted,2,Imports CBAM goods,29412.0,0.058824,M,3,3 to 6 percent of EBITDA,60.0,0.14,300.0,50.0,false,false,direct_obligation,Certificates on imported goods
B006,2034,current_policies,adopted,2,Imports CBAM goods,34200.0,0.0684,MH,4,6 to 12 percent of EBITDA,60.0,0.0,300.0,50.0,false,false,direct_obligation,Certificates on imported goods
B006,2035,current_policies,adopted,2,Imports CBAM goods,34200.0,0.0684,MH,4,6 to 12 percent of EBITDA,60.0,0.0,300.0,50.0,false,false,direct_obligation,Certificates on imported goods
B006,2026,delayed_transition,adopted,2,Imports CBAM goods,1140.0,0.0022800000000000016,L,1,below 1 percent of EBITDA,80.0,0.975,300.0,50.0,false,false,direct_obligation,Certificates on imported goods
B006,2027,delayed_transition,adopted,2,Imports CBAM goods,2280.0,0.004560000000000003,L,1,below 1 percent of EBITDA,80.0,0.95,300.0,50.0,false,false,direct_obligation,Certificates on imported goods
B006,2028,delayed_transition,adopted,2,Imports CBAM goods,4560.0,0.009119999999999998,L,1,below 1 percent of EBITDA,80.0,0.9,300.0,50.0,false,false,direct_obligation,Certificates on imported goods
B006,2029,delayed_transition,adopted,2,Imports CBAM goods,10260.0,0.020519999999999997,ML,2,1 to 3 percent of EBITDA,80.0,0.775,300.0,50.0,false,false,direct_obligation,Certificates on imported goods
B006,2030,delayed_transition,adopted,2,Imports CBAM goods,22116.0,0.044232,M,3,3 to 6 percent of EBITDA,80.0,0.515,300.0,50.0,false,false,direct_obligation,Certificates on imported goods
B006,2031,delayed_transition,adopted,2,Imports CBAM goods,27816.0,0.055632,M,3,3 to 6 percent of EBITDA,80.0,0.39,300.0,50.0,false,false,direct_obligation,Certificates on imported goods
B006,2032,delayed_transition,adopted,2,Imports CBAM goods,33516.0,0.067032,MH,4,6 to 12 percent of EBITDA,80.0,0.265,300.0,50.0,false,false,direct_obligation,Certificates on imported goods
B006,2033,delayed_transition,adopted,2,Imports CBAM goods,39216.0,0.078432,MH,4,6 to 12 percent of EBITDA,80.0,0.14,300.0,50.0,false,false,direct_obligation,Certificates on imported goods
B006,2034,delayed_transition,adopted,2,Imports CBAM goods,45600.0,0.0912,MH,4,6 to 12 percent of EBITDA,80.0,0.0,300.0,50.0,false,false,direct_obligation,Certificates on imported goods
B006,2035,delayed_transition,adopted,2,Imports CBAM goods,45600.0,0.0912,MH,4,6 to 12 percent of EBITDA,80.0,0.0,300.0,50.0,false,false,direct_obligation,Certificates on imported goods
B006,2026,net_zero_2050,adopted,2,Imports CBAM goods,1425.0,0.0028500000000000027,L,1,below 1 percent of EBITDA,100.0,0.975,300.0,50.0,false,false,direct_obligation,Certificates on imported goods
B006,2027,net_zero_2050,adopted,2,Imports CBAM goods,2850.0,0.005700000000000005,L,1,below 1 percent of EBITDA,100.0,0.95,300.0,50.0,false,false,direct_obligation,Certificates on imported goods
B006,2028,net_zero_2050,adopted,2,Imports CBAM goods,5700.0,0.011399999999999999,ML,2,1 to 3 percent of EBITDA,100.0,0.9,300.0,50.0,false,false,direct_obligation,Certificates on imported goods
B006,2029,net_zero_2050,adopted,2,Imports CBAM goods,12825.0,0.025649999999999996,ML,2,1 to 3 percent of EBITDA,100.0,0.775,300.0,50.0,false,false,direct_obligation,Certificates on imported goods
B006,2030,net_zero_2050,adopted,2,Imports CBAM goods,27645.0,0.05529,M,3,3 to 6 percent of EBITDA,100.0,0.515,300.0,50.0,false,false,direct_obligation,Certificates on imported goods
B006,2031,net_zero_2050,adopted,2,Imports CBAM goods,34770.0,0.06954,MH,4,6 to 12 percent of EBITDA,100.0,0.39,300.0,50.0,false,false,direct_obligation,Certificates on imported goods
B006,2032,net_zero_2050,adopted,2,Imports CBAM goods,41895.0,0.08379,MH,4,6 to 12 percent of EBITDA,100.0,0.265,300.0,50.0,false,false,direct_obligation,Certificates on imported goods
B006,2033,net_zero_2050,adopted,2,Imports CBAM goods,49020.0,0.09804,MH,4,6 to 12 percent of EBITDA,100.0,0.14,300.0,50.0,false,false,direct_obligation,Certificates on imported goods
B006,2034,net_zero_2050,adopted,2,Imports CBAM goods,57000.0,0.114,MH,4,6 to 12 percent of EBITDA,100.0,0.0,300.0,50.0,false,false,direct_obligation,Certificates on imported goods
B006,2035,net_zero_2050,adopted,2,Imports CBAM goods,57000.0,0.114,MH,4,6 to 12 percent of EBITDA,100.0,0.0,300.0,50.0,false,false,direct_obligation,Certificates on imported goods
B006,2026,current_policies,proposal,2,Imports CBAM goods,855.0,0.0017100000000000017,L,1,below 1 percent of EBITDA,60.0,0.975,300.0,50.0,false,false,direct_obligation,Certificates on imported goods
B006,2027,current_policies,proposal,2,Imports CBAM goods,1710.0,0.0034200000000000033,L,1,below 1 percent of EBITDA,60.0,0.95,300.0,50.0,false,false,direct_obligation,Certificates on imported goods
B006,2028,current_policies,proposal,2,Imports CBAM goods,3420.0,0.006839999999999998,L,1,below 1 percent of EBITDA,60.0,0.9,300.0,50.0,false,false,direct_obligation,Certificates on imported goods
B006,2029,current_policies,proposal,2,Imports CBAM goods,5130.0,0.010260000000000002,ML,2,1 to 3 percent of EBITDA,60.0,0.85,300.0,50.0,false,false,direct_obligation,Certificates on imported goods
B006,2030,current_policies,proposal,2,Imports CBAM goods,6840.0,0.013679999999999996,ML,2,1 to 3 percent of EBITDA,60.0,0.8,300.0,50.0,false,false,direct_obligation,Certificates on imported goods
B006,2031,current_policies,proposal,2,Imports CBAM goods,10260.0,0.020520000000000004,ML,2,1 to 3 percent of EBITDA,60.0,0.7,300.0,50.0,false,false,direct_obligation,Certificates on imported goods
B006,2032,current_policies,proposal,2,Imports CBAM goods,13680.0,0.02736,ML,2,1 to 3 percent of EBITDA,60.0,0.6,300.0,50.0,false,false,direct_obligation,Certificates on imported goods
B006,2033,current_policies,proposal,2,Imports CBAM goods,17100.0,0.0342,M,3,3 to 6 percent of EBITDA,60.0,0.5,300.0,50.0,false,false,direct_obligation,Certificates on imported goods
B006,2034,current_policies,proposal,2,Imports CBAM goods,20520.0,0.04104,M,3,3 to 6 percent of EBITDA,60.0,0.4,300.0,50.0,false,false,direct_obligation,Certificates on imported goods
B006,2035,current_policies,proposal,2,Imports CBAM goods,23940.0,0.04788,M,3,3 to 6 percent of EBITDA,60.0,0.3,300.0,50.0,false,false,direct_obligation,Certificates on imported goods
B006,2026,delayed_transition,proposal,2,Imports CBAM goods,1140.0,0.0022800000000000016,L,1,below 1 percent of EBITDA,80.0,0.975,300.0,50.0,false,false,direct_obligation,Certificates on imported goods
B006,2027,delayed_transition,proposal,2,Imports CBAM goods,2280.0,0.004560000000000003,L,1,below 1 percent of EBITDA,80.0,0.95,300.0,50.0,false,false,direct_obligation,Certificates on imported goods
B006,2028,delayed_transition,proposal,2,Imports CBAM goods,4560.0,0.009119999999999998,L,1,below 1 percent of EBITDA,80.0,0.9,300.0,50.0,false,false,direct_obligation,Certificates on imported goods
B006,2029,delayed_transition,proposal,2,Imports CBAM goods,6840.0,0.013680000000000001,ML,2,1 to 3 percent of EBITDA,80.0,0.85,300.0,50.0,false,false,direct_obligation,Certificates on imported goods
B006,2030,delayed_transition,proposal,2,Imports CBAM goods,9120.0,0.018239999999999996,ML,2,1 to 3 percent of EBITDA,80.0,0.8,300.0,50.0,false,false,direct_obligation,Certificates on imported goods
B006,2031,delayed_transition,proposal,2,Imports CBAM goods,13680.0,0.027360000000000002,ML,2,1 to 3 percent of EBITDA,80.0,0.7,300.0,50.0,false,false,direct_obligation,Certificates on imported goods
B006,2032,delayed_transition,proposal,2,Imports CBAM goods,18240.0,0.03648,M,3,3 to 6 percent of EBITDA,80.0,0.6,300.0,50.0,false,false,direct_obligation,Certificates on imported goods
B006,2033,delayed_transition,proposal,2,Imports CBAM goods,22800.0,0.0456,M,3,3 to 6 percent of EBITDA,80.0,0.5,300.0,50.0,false,false,direct_obligation,Certificates on imported goods
B006,2034,delayed_transition,proposal,2,Imports CBAM goods,27360.0,0.05472,M,3,3 to 6 percent of EBITDA,80.0,0.4,300.0,50.0,false,false,direct_obligation,Certificates on imported goods
B006,2035,delayed_transition,proposal,2,Imports CBAM goods,31920.0,0.06384,MH,4,6 to 12 percent of EBITDA,80.0,0.3,300.0,50.0,false,false,direct_obligation,Certificates on imported goods
B006,2026,net_zero_2050,proposal,2,Imports CBAM goods,1425.0,0.0028500000000000027,L,1,below 1 percent of EBITDA,100.0,0.975,300.0,50.0,false,false,direct_obligation,Certificates on imported goods
B006,2027,net_zero_2050,proposal,2,Imports CBAM goods,2850.0,0.005700000000000005,L,1,below 1 percent of EBITDA,100.0,0.95,300.0,50.0,false,false,direct_obligation,Certificates on imported goods
B006,2028,net_zero_2050,proposal,2,Imports CBAM goods,5700.0,0.011399999999999999,ML,2,1 to 3 percent of EBITDA,100.0,0.9,300.0,50.0,false,false,direct_obligation,Certificates on imported goods
B006,2029,net_zero_2050,proposal,2,Imports CBAM goods,8550.0,0.017100000000000004,ML,2,1 to 3 percent of EBITDA,100.0,0.85,300.0,50.0,false,false,direct_obligation,Certificates on imported goods
B006,2030,net_zero_2050,proposal,2,Imports CBAM goods,11400.0,0.022799999999999997,ML,2,1 to 3 percent of EBITDA,100.0,0.8,300.0,50.0,false,false,direct_obligation,Certificates on imported goods
B006,2031,net_zero_2050,proposal,2,Imports CBAM goods,17100.0,0.03420000000000001,M,3,3 to 6 percent of EBITDA,100.0,0.7,300.0,50.0,false,false,direct_obligation,Certificates on imported goods
B006,2032,net_zero_2050,proposal,2,Imports CBAM goods,22800.0,0.0456,M,3,3 to 6 percent of EBITDA,100.0,0.6,300.0,50.0,false,false,direct_obligation,Certificates on imported goods
B006,2033,net_zero_2050,proposal,2,Imports CBAM goods,28500.0,0.057,M,3,3 to 6 percent of EBITDA,100.0,0.5,300.0,50.0,false,false,direct_obligation,Certificates on imported goods
B006,2034,net_zero_2050,proposal,2,Imports CBAM goods,34200.0,0.0684,MH,4,6 to 12 percent of EBITDA,100.0,0.4,300.0,50.0,false,false,direct_obligation,Certificates on imported goods
B006,2035,net_zero_2050,proposal,2,Imports CBAM goods,39900.0,0.0798,MH,4,6 to 12 percent of EBITDA,100.0,0.3,300.0,50.0,false,false,direct_obligation,Certificates on imported goods
B007,2026,current_policies,adopted,1,Makes CBAM goods in the EU,0.0,0.0,L,1,below 1 percent of EBITDA,60.0,0.975,5000.0,50.0,false,true,lost_allocation_no_production,"Producer with no sector production intensity in config, so no cost could be computed"
B007,2027,current_policies,adopted,1,Makes CBAM goods in the EU,8250.0,0.008250000000000007,L,1,below 1 percent of EBITDA,60.0,0.95,5000.0,50.0,false,true,lost_allocation,Value of free allocation withdrawn this year
B007,2028,current_policies,adopted,1,Makes CBAM goods in the EU,16500.0,0.016499999999999976,ML,2,1 to 3 percent of EBITDA,60.0,0.9,5000.0,50.0,false,true,lost_allocation,Value of free allocation withdrawn this year
B007,2029,current_policies,adopted,1,Makes CBAM goods in the EU,41250.0,0.04125,M,3,3 to 6 percent of EBITDA,60.0,0.775,5000.0,50.0,false,true,lost_allocation,Value of free allocation withdrawn this year
B007,2030,current_policies,adopted,1,Makes CBAM goods in the EU,85800.0,0.0858,MH,4,6 to 12 percent of EBITDA,60.0,0.515,5000.0,50.0,false,true,lost_allocation,Value of free allocation withdrawn this year
B007,2031,current_policies,adopted,1,Makes CBAM goods in the EU,41250.0,0.04125,M,3,3 to 6 percent of EBITDA,60.0,0.39,5000.0,50.0,false,true,lost_allocation,Value of free allocation withdrawn this year
B007,2032,current_policies,adopted,1,Makes CBAM goods in the EU,41250.0,0.04125,M,3,3 to 6 percent of EBITDA,60.0,0.265,5000.0,50.0,false,true,lost_allocation,Value of free allocation withdrawn this year
B007,2033,current_policies,adopted,1,Makes CBAM goods in the EU,41250.0,0.04125,M,3,3 to 6 percent of EBITDA,60.0,0.14,5000.0,50.0,false,true,lost_allocation,Value of free allocation withdrawn this year
B007,2034,current_policies,adopted,1,Makes CBAM goods in the EU,46200.0,0.046200000000000005,M,3,3 to 6 percent of EBITDA,60.0,0.0,5000.0,50.0,false,true,lost_allocation,Value of free allocation withdrawn this year
B007,2035,current_policies,adopted,1,Makes CBAM goods in the EU,0.0,0.0,L,1,below 1 percent of EBITDA,60.0,0.0,5000.0,50.0,false,true,lost_allocation,Value of free allocation withdrawn this year
B007,2026,delayed_transition,adopted,1,Makes CBAM goods in the EU,0.0,0.0,L,1,below 1 percent of EBITDA,80.0,0.975,5000.0,50.0,false,true,lost_allocation_no_production,"Producer with no sector production intensity in config, so no cost could be computed"
B007,2027,delayed_transition,adopted,1,Makes CBAM goods in the EU,11000.0,0.01100000000000001,ML,2,1 to 3 percent of EBITDA,80.0,0.95,5000.0,50.0,false,true,lost_allocation,Value of free allocation withdrawn this year
B007,2028,delayed_transition,adopted,1,Makes CBAM goods in the EU,22000.0,0.02199999999999997,ML,2,1 to 3 percent of EBITDA,80.0,0.9,5000.0,50.0,false,true,lost_allocation,Value of free allocation withdrawn this year
B007,2029,delayed_transition,adopted,1,Makes CBAM goods in the EU,55000.0,0.055,M,3,3 to 6 percent of EBITDA,80.0,0.775,5000.0,50.0,false,true,lost_allocation,Value of free allocation withdrawn this year
B007,2030,delayed_transition,adopted,1,Makes CBAM goods in the EU,114400.0,0.1144,MH,4,6 to 12 percent of EBITDA,80.0,0.515,5000.0,50.0,false,true,lost_allocation,Value of free allocation withdrawn this year
B007,2031,delayed_transition,adopted,1,Makes CBAM goods in the EU,55000.0,0.055,M,3,3 to 6 percent of EBITDA,80.0,0.39,5000.0,50.0,false,true,lost_allocation,Value of free allocation withdrawn this year
B007,2032,delayed_transition,adopted,1,Makes CBAM goods in the EU,55000.0,0.055,M,3,3 to 6 percent of EBITDA,80.0,0.265,5000.0,50.0,false,true,lost_allocation,Value of free allocation withdrawn this year
B007,2033,delayed_transition,adopted,1,Makes CBAM goods in the EU,55000.0,0.055,M,3,3 to 6 percent of EBITDA,80.0,0.14,5000.0,50.0,false,true,lost_allocation,Value of free allocation withdrawn this year
B007,2034,delayed_transition,adopted,1,Makes CBAM goods in the EU,61600.0,0.06160000000000001,MH,4,6 to 12 percent of EBITDA,80.0,0.0,5000.0,50.0,false,true,lost_allocation,Value of free allocation withdrawn this year
B007,2035,delayed_transition,adopted,1,Makes CBAM goods in the EU,0.0,0.0,L,1,below 1 percent of EBITDA,80.0,0.0,5000.0,50.0,false,true,lost_allocation,Value of free allocation withdrawn this year
B007,2026,net_zero_2050,adopted,1,Makes CBAM goods in the EU,0.0,0.0,L,1,below 1 percent of EBITDA,100.0,0.975,5000.0,50.0,false,true,lost_allocation_no_production,"Producer with no sector production intensity in config, so no cost could be computed"
B007,2027,net_zero_2050,adopted,1,Makes CBAM goods in the EU,13750.0,0.013750000000000012,ML,2,1 to 3 percent of EBITDA,100.0,0.95,5000.0,50.0,false,true,lost_allocation,Value of free allocation withdrawn this year
B007,2028,net_zero_2050,adopted,1,Makes CBAM goods in the EU,27500.0,0.027499999999999962,ML,2,1 to 3 percent of EBITDA,100.0,0.9,5000.0,50.0,false,true,lost_allocation,Value of free allocation withdrawn this year
B007,2029,net_zero_2050,adopted,1,Makes CBAM goods in the EU,68750.0,0.06875,MH,4,6 to 12 percent of EBITDA,100.0,0.775,5000.0,50.0,false,true,lost_allocation,Value of free allocation withdrawn this year
B007,2030,net_zero_2050,adopted,1,Makes CBAM goods in the EU,143000.0,0.143,H,5,above 12 percent of EBITDA,100.0,0.515,5000.0,50.0,false,true,lost_allocation,Value of free allocation withdrawn this year
B007,2031,net_zero_2050,adopted,1,Makes CBAM goods in the EU,68750.0,0.06875,MH,4,6 to 12 percent of EBITDA,100.0,0.39,5000.0,50.0,false,true,lost_allocation,Value of free allocation withdrawn this year
B007,2032,net_zero_2050,adopted,1,Makes CBAM goods in the EU,68750.0,0.06875,MH,4,6 to 12 percent of EBITDA,100.0,0.265,5000.0,50.0,false,true,lost_allocation,Value of free allocation withdrawn this year
B007,2033,net_zero_2050,adopted,1,Makes CBAM goods in the EU,68750.0,0.06875,MH,4,6 to 12 percent of EBITDA,100.0,0.14,5000.0,50.0,false,true,lost_allocation,Value of free allocation withdrawn this year
B007,2034,net_zero_2050,adopted,1,Makes CBAM goods in the EU,77000.0,0.07700000000000001,MH,4,6 to 12 percent of EBITDA,100.0,0.0,5000.0,50.0,false,true,lost_allocation,Value of free allocation withdrawn this year
B007,2035,net_zero_2050,adopted,1,Makes CBAM goods in the EU,0.0,0.0,L,1,below 1 percent of EBITDA,100.0,0.0,5000.0,50.0,false,true,lost_allocation,Value of free allocation withdrawn this year
B007,2026,current_policies,proposal,1,Makes CBAM goods in the EU,0.0,0.0,L,1,below 1 percent of EBITDA,60.0,0.975,5000.0,50.0,false,true,lost_allocation_no_production,"Producer with no sector production intensity in config, so no cost could be computed"
B007,2027,current_policies,proposal,1,Makes CBAM goods in the EU,8250.0,0.008250000000000007,L,1,below 1 percent of EBITDA,60.0,0.95,5000.0,50.0,false,true,lost_allocation,Value of free allocation withdrawn this year
B007,2028,current_policies,proposal,1,Makes CBAM goods in the EU,16500.0,0.016499999999999976,ML,2,1 to 3 percent of EBITDA,60.0,0.9,5000.0,50.0,false,true,lost_allocation,Value of free allocation withdrawn this year
B007,2029,current_policies,proposal,1,Makes CBAM goods in the EU,16500.0,0.016500000000000015,ML,2,1 to 3 percent of EBITDA,60.0,0.85,5000.0,50.0,false,true,lost_allocation,Value of free allocation withdrawn this year
B007,2030,current_policies,proposal,1,Makes CBAM goods in the EU,16500.0,0.016499999999999976,ML,2,1 to 3 percent of EBITDA,60.0,0.8,5000.0,50.0,false,true,lost_allocation,Value of free allocation withdrawn this year
B007,2031,current_policies,proposal,1,Makes CBAM goods in the EU,33000.0,0.03300000000000003,M,3,3 to 6 percent of EBITDA,60.0,0.7,5000.0,50.0,false,true,lost_allocation,Value of free allocation withdrawn this year
B007,2032,current_policies,proposal,1,Makes CBAM goods in the EU,33000.0,0.032999999999999995,M,3,3 to 6 percent of EBITDA,60.0,0.6,5000.0,50.0,false,true,lost_allocation,Value of free allocation withdrawn this year
B007,2033,current_policies,proposal,1,Makes CBAM goods in the EU,33000.0,0.032999999999999995,M,3,3 to 6 percent of EBITDA,60.0,0.5,5000.0,50.0,false,true,lost_allocation,Value of free allocation withdrawn this year
B007,2034,current_policies,proposal,1,Makes CBAM goods in the EU,33000.0,0.032999999999999995,M,3,3 to 6 percent of EBITDA,60.0,0.4,5000.0,50.0,false,true,lost_allocation,Value of free allocation withdrawn this year
B007,2035,current_policies,proposal,1,Makes CBAM goods in the EU,33000.0,0.033000000000000015,M,3,3 to 6 percent of EBITDA,60.0,0.3,5000.0,50.0,false,true,lost_allocation,Value of free allocation withdrawn this year
B007,2026,delayed_transition,proposal,1,Makes CBAM goods in the EU,0.0,0.0,L,1,below 1 percent of EBITDA,80.0,0.975,5000.0,50.0,false,true,lost_allocation_no_production,"Producer with no sector production intensity in config, so no cost could be computed"
B007,2027,delayed_transition,proposal,1,Makes CBAM goods in the EU,11000.0,0.01100000000000001,ML,2,1 to 3 percent of EBITDA,80.0,0.95,5000.0,50.0,false,true,lost_allocation,Value of free allocation withdrawn this year
B007,2028,delayed_transition,proposal,1,Makes CBAM goods in the EU,22000.0,0.02199999999999997,ML,2,1 to 3 percent of EBITDA,80.0,0.9,5000.0,50.0,false,true,lost_allocation,Value of free allocation withdrawn this year
B007,2029,delayed_transition,proposal,1,Makes CBAM goods in the EU,22000.0,0.02200000000000002,ML,2,1 to 3 percent of EBITDA,80.0,0.85,5000.0,50.0,false,true,lost_allocation,Value of free allocation withdrawn this year
B007,2030,delayed_transition,proposal,1,Makes CBAM goods in the EU,22000.0,0.02199999999999997,ML,2,1 to 3 percent of EBITDA,80.0,0.8,5000.0,50.0,false,true,lost_allocation,Value of free allocation withdrawn this year
B007,2031,delayed_transition,proposal,1,Makes CBAM goods in the EU,44000.0,0.04400000000000004,M,3,3 to 6 percent of EBITDA,80.0,0.7,5000.0,50.0,false,true,lost_allocation,Value of free allocation withdrawn this year
B007,2032,delayed_transition,proposal,1,Makes CBAM goods in the EU,44000.0,0.04399999999999999,M,3,3 to 6 percent of EBITDA,80.0,0.6,5000.0,50.0,false,true,lost_allocation,Value of free allocation withdrawn this year
B007,2033,delayed_transition,proposal,1,Makes CBAM goods in the EU,44000.0,0.04399999999999999,M,3,3 to 6 percent of EBITDA,80.0,0.5,5000.0,50.0,false,true,lost_allocation,Value of free allocation withdrawn this year
B007,2034,delayed_transition,proposal,1,Makes CBAM goods in the EU,44000.0,0.04399999999999999,M,3,3 to 6 percent of EBITDA,80.0,0.4,5000.0,50.0,false,true,lost_allocation,Value of free allocation withdrawn this year
B007,2035,delayed_transition,proposal,1,Makes CBAM goods in the EU,44000.0,0.04400000000000001,M,3,3 to 6 percent of EBITDA,80.0,0.3,5000.0,50.0,false,true,lost_allocation,Value of free allocation withdrawn this year
B007,2026,net_zero_2050,proposal,1,Makes CBAM goods in the EU,0.0,0.0,L,1,below 1 percent of EBITDA,100.0,0.975,5000.0,50.0,false,true,lost_allocation_no_production,"Producer with no sector production intensity in config, so no cost could be computed"
B007,2027,net_zero_2050,proposal,1,Makes CBAM goods in the EU,13750.0,0.013750000000000012,ML,2,1 to 3 percent of EBITDA,100.0,0.95,5000.0,50.0,false,true,lost_allocation,Value of free allocation withdrawn this year
B007,2028,net_zero_2050,proposal,1,Makes CBAM goods in the EU,27500.0,0.027499999999999962,ML,2,1 to 3 percent of EBITDA,100.0,0.9,5000.0,50.0,false,true,lost_allocation,Value of free allocation withdrawn this year
B007,2029,net_zero_2050,proposal,1,Makes CBAM goods in the EU,27500.0,0.027500000000000024,ML,2,1 to 3 percent of EBITDA,100.0,0.85,5000.0,50.0,false,true,lost_allocation,Value of free allocation withdrawn this year
B007,2030,net_zero_2050,proposal,1,Makes CBAM goods in the EU,27500.0,0.027499999999999962,ML,2,1 to 3 percent of EBITDA,100.0,0.8,5000.0,50.0,false,true,lost_allocation,Value of free allocation withdrawn this year
B007,2031,net_zero_2050,proposal,1,Makes CBAM goods in the EU,55000.0,0.05500000000000005,M,3,3 to 6 percent of EBITDA,100.0,0.7,5000.0,50.0,false,true,lost_allocation,Value of free allocation withdrawn this year
B007,2032,net_zero_2050,proposal,1,Makes CBAM goods in the EU,55000.0,0.054999999999999986,M,3,3 to 6 percent of EBITDA,100.0,0.6,5000.0,50.0,false,true,lost_allocation,Value of free allocation withdrawn this year
B007,2033,net_zero_2050,proposal,1,Makes CBAM goods in the EU,55000.0,0.054999999999999986,M,3,3 to 6 percent of EBITDA,100.0,0.5,5000.0,50.0,false,true,lost_allocation,Value of free allocation withdrawn this year
B007,2034,net_zero_2050,proposal,1,Makes CBAM goods in the EU,55000.0,0.054999999999999986,M,3,3 to 6 percent of EBITDA,100.0,0.4,5000.0,50.0,false,true,lost_allocation,Value of free allocation withdrawn this year
B007,2035,net_zero_2050,proposal,1,Makes CBAM goods in the EU,55000.0,0.05500000000000002,M,3,3 to 6 percent of EBITDA,100.0,0.3,5000.0,50.0,false,true,lost_allocation,Value of free allocation withdrawn this year
B008,2026,current_policies,adopted,1,Makes CBAM goods in the EU,0.0,0.0,L,1,below 1 percent of EBITDA,60.0,0.975,0.0,50.0,true,false,lost_allocation_no_production,"Producer with no sector production intensity in config, so no cost could be computed"
B008,2027,current_policies,adopted,1,Makes CBAM goods in the EU,0.0,0.0,L,1,below 1 percent of EBITDA,60.0,0.95,0.0,50.0,true,false,lost_allocation_no_production,"Producer with no sector production intensity in config, so no cost could be computed"
B008,2028,current_policies,adopted,1,Makes CBAM goods in the EU,0.0,0.0,L,1,below 1 percent of EBITDA,60.0,0.9,0.0,50.0,true,false,lost_allocation_no_production,"Producer with no sector production intensity in config, so no cost could be computed"
B008,2029,current_policies,adopted,1,Makes CBAM goods in the EU,0.0,0.0,L,1,below 1 percent of EBITDA,60.0,0.775,0.0,50.0,true,false,lost_allocation_no_production,"Producer with no sector production intensity in config, so no cost could be computed"
B008,2030,current_policies,adopted,1,Makes CBAM goods in the EU,0.0,0.0,L,1,below 1 percent of EBITDA,60.0,0.515,0.0,50.0,true,false,lost_allocation_no_production,"Producer with no sector production intensity in config, so no cost could be computed"
B008,2031,current_policies,adopted,1,Makes CBAM goods in the EU,0.0,0.0,L,1,below 1 percent of EBITDA,60.0,0.39,0.0,50.0,true,false,lost_allocation_no_production,"Producer with no sector production intensity in config, so no cost could be computed"
B008,2032,current_policies,adopted,1,Makes CBAM goods in the EU,0.0,0.0,L,1,below 1 percent of EBITDA,60.0,0.265,0.0,50.0,true,false,lost_allocation_no_production,"Producer with no sector production intensity in config, so no cost could be computed"
B008,2033,current_policies,adopted,1,Makes CBAM goods in the EU,0.0,0.0,L,1,below 1 percent of EBITDA,60.0,0.14,0.0,50.0,true,false,lost_allocation_no_production,"Producer with no sector production intensity in config, so no cost could be computed"
B008,2034,current_policies,adopted,1,Makes CBAM goods in the EU,0.0,0.0,L,1,below 1 percent of EBITDA,60.0,0.0,0.0,50.0,true,false,lost_allocation_no_production,"Producer with no sector production intensity in config, so no cost could be computed"
B008,2035,current_policies,adopted,1,Makes CBAM goods in the EU,0.0,0.0,L,1,below 1 percent of EBITDA,60.0,0.0,0.0,50.0,true,false,lost_allocation_no_production,"Producer with no sector production intensity in config, so no cost could be computed"
B008,2026,delayed_transition,adopted,1,Makes CBAM goods in the EU,0.0,0.0,L,1,below 1 percent of EBITDA,80.0,0.975,0.0,50.0,true,false,lost_allocation_no_production,"Producer with no sector production intensity in config, so no cost could be computed"
B008,2027,delayed_transition,adopted,1,Makes CBAM goods in the EU,0.0,0.0,L,1,below 1 percent of EBITDA,80.0,0.95,0.0,50.0,true,false,lost_allocation_no_production,"Producer with no sector production intensity in config, so no cost could be computed"
B008,2028,delayed_transition,adopted,1,Makes CBAM goods in the EU,0.0,0.0,L,1,below 1 percent of EBITDA,80.0,0.9,0.0,50.0,true,false,lost_allocation_no_production,"Producer with no sector production intensity in config, so no cost could be computed"
B008,2029,delayed_transition,adopted,1,Makes CBAM goods in the EU,0.0,0.0,L,1,below 1 percent of EBITDA,80.0,0.775,0.0,50.0,true,false,lost_allocation_no_production,"Producer with no sector production intensity in config, so no cost could be computed"
B008,2030,delayed_transition,adopted,1,Makes CBAM goods in the EU,0.0,0.0,L,1,below 1 percent of EBITDA,80.0,0.515,0.0,50.0,true,false,lost_allocation_no_production,"Producer with no sector production intensity in config, so no cost could be computed"
B008,2031,delayed_transition,adopted,1,Makes CBAM goods in the EU,0.0,0.0,L,1,below 1 percent of EBITDA,80.0,0.39,0.0,50.0,true,false,lost_allocation_no_production,"Producer with no sector production intensity in config, so no cost could be computed"
B008,2032,delayed_transition,adopted,1,Makes CBAM goods in the EU,0.0,0.0,L,1,below 1 percent of EBITDA,80.0,0.265,0.0,50.0,true,false,lost_allocation_no_production,"Producer with no sector production intensity in config, so no cost could be computed"
B008,2033,delayed_transition,adopted,1,Makes CBAM goods in the EU,0.0,0.0,L,1,below 1 percent of EBITDA,80.0,0.14,0.0,50.0,true,false,lost_allocation_no_production,"Producer with no sector production intensity in config, so no cost could be computed"
B008,2034,delayed_transition,adopted,1,Makes CBAM goods in the EU,0.0,0.0,L,1,below 1 percent of EBITDA,80.0,0.0,0.0,50.0,true,false,lost_allocation_no_production,"Producer with no sector production intensity in config, so no cost could be computed"
B008,2035,delayed_transition,adopted,1,Makes CBAM goods in the EU,0.0,0.0,L,1,below 1 percent of EBITDA,80.0,0.0,0.0,50.0,true,false,lost_allocation_no_production,"Producer with no sector production intensity in config, so no cost could be computed"
B008,2026,net_zero_2050,adopted,1,Makes CBAM goods in the EU,0.0,0.0,L,1,below 1 percent of EBITDA,100.0,0.975,0.0,50.0,true,false,lost_allocation_no_production,"Producer with no sector production intensity in config, so no cost could be computed"
B008,2027,net_zero_2050,adopted,1,Makes CBAM goods in the EU,0.0,0.0,L,1,below 1 percent of EBITDA,100.0,0.95,0.0,50.0,true,false,lost_allocation_no_production,"Producer with no sector production intensity in config, so no cost could be computed"
B008,2028,net_zero_2050,adopted,1,Makes CBAM goods in the EU,0.0,0.0,L,1,below 1 percent of EBITDA,100.0,0.9,0.0,50.0,true,false,lost_allocation_no_production,"Producer with no sector production intensity in config, so no cost could be computed"
B008,2029,net_zero_2050,adopted,1,Makes CBAM goods in the EU,0.0,0.0,L,1,below 1 percent of EBITDA,100.0,0.775,0.0,50.0,true,false,lost_allocation_no_production,"Producer with no sector production intensity in config, so no cost could be computed"
B008,2030,net_zero_2050,adopted,1,Makes CBAM goods in the EU,0.0,0.0,L,1,below 1 percent of EBITDA,100.0,0.515,0.0,50.0,true,false,lost_allocation_no_production,"Producer with no sector production intensity in config, so no cost could be computed"
B008,2031,net_zero_2050,adopted,1,Makes CBAM goods in the EU,0.0,0.0,L,1,below 1 percent of EBITDA,100.0,0.39,0.0,50.0,true,false,lost_allocation_no_production,"Producer with no sector production intensity in config, so no cost could be computed"
B008,2032,net_zero_2050,adopted,1,Makes CBAM goods in the EU,0.0,0.0,L,1,below 1 percent of EBITDA,100.0,0.265,0.0,50.0,true,false,lost_allocation_no_production,"Producer with no sector production intensity in config, so no cost could be computed"
B008,2033,net_zero_2050,adopted,1,Makes CBAM goods in the EU,0.0,0.0,L,1,below 1 percent of EBITDA,100.0,0.14,0.0,50.0,true,false,lost_allocation_no_production,"Producer with no sector production intensity in config, so no cost could be computed"
B008,2034,net_zero_2050,adopted,1,Makes CBAM goods in the EU,0.0,0.0,L,1,below 1 percent of EBITDA,100.0,0.0,0.0,50.0,true,false,lost_allocation_no_production,"Producer with no sector production intensity in config, so no cost could be computed"
B008,2035,net_zero_2050,adopted,1,Makes CBAM goods in the EU,0.0,0.0,L,1,below 1 percent of EBITDA,100.0,0.0,0.0,50.0,true,false,lost_allocation_no_production,"Producer with no sector production intensity in config, so no cost could be computed"
B008,2026,current_policies,proposal,1,Makes CBAM goods in the EU,0.0,0.0,L,1,below 1 percent of EBITDA,60.0,0.975,0.0,50.0,true,false,lost_allocation_no_production,"Producer with no sector production intensity in config, so no cost could be computed"
B008,2027,current_policies,proposal,1,Makes CBAM goods in the EU,0.0,0.0,L,1,below 1 percent of EBITDA,60.0,0.95,0.0,50.0,true,false,lost_allocation_no_production,"Producer with no sector production intensity in config, so no cost could be computed"
B008,2028,current_policies,proposal,1,Makes CBAM goods in the EU,0.0,0.0,L,1,below 1 percent of EBITDA,60.0,0.9,0.0,50.0,true,false,lost_allocation_no_production,"Producer with no sector production intensity in config, so no cost could be computed"
B008,2029,current_policies,proposal,1,Makes CBAM goods in the EU,0.0,0.0,L,1,below 1 percent of EBITDA,60.0,0.85,0.0,50.0,true,false,lost_allocation_no_production,"Producer with no sector production intensity in config, so no cost could be computed"
B008,2030,current_policies,proposal,1,Makes CBAM goods in the EU,0.0,0.0,L,1,below 1 percent of EBITDA,60.0,0.8,0.0,50.0,true,false,lost_allocation_no_production,"Producer with no sector production intensity in config, so no cost could be computed"
B008,2031,current_policies,proposal,1,Makes CBAM goods in the EU,0.0,0.0,L,1,below 1 percent of EBITDA,60.0,0.7,0.0,50.0,true,false,lost_allocation_no_production,"Producer with no sector production intensity in config, so no cost could be computed"
B008,2032,current_policies,proposal,1,Makes CBAM goods in the EU,0.0,0.0,L,1,below 1 percent of EBITDA,60.0,0.6,0.0,50.0,true,false,lost_allocation_no_production,"Producer with no sector production intensity in config, so no cost could be computed"
B008,2033,current_policies,proposal,1,Makes CBAM goods in the EU,0.0,0.0,L,1,below 1 percent of EBITDA,60.0,0.5,0.0,50.0,true,false,lost_allocation_no_production,"Producer with no sector production intensity in config, so no cost could be computed"
B008,2034,current_policies,proposal,1,Makes CBAM goods in the EU,0.0,0.0,L,1,below 1 percent of EBITDA,60.0,0.4,0.0,50.0,true,false,lost_allocation_no_production,"Producer with no sector production intensity in config, so no cost could be computed"
B008,2035,current_policies,proposal,1,Makes CBAM goods in the EU,0.0,0.0,L,1,below 1 percent of EBITDA,60.0,0.3,0.0,50.0,true,false,lost_allocation_no_production,"Producer with no sector production intensity in config, so no cost could be computed"
B008,2026,delayed_transition,proposal,1,Makes CBAM goods in the EU,0.0,0.0,L,1,below 1 percent of EBITDA,80.0,0.975,0.0,50.0,true,false,lost_allocation_no_production,"Producer with no sector production intensity in config, so no cost could be computed"
B008,2027,delayed_transition,proposal,1,Makes CBAM goods in the EU,0.0,0.0,L,1,below 1 percent of EBITDA,80.0,0.95,0.0,50.0,true,false,lost_allocation_no_production,"Producer with no sector production intensity in config, so no cost could be computed"
B008,2028,delayed_transition,proposal,1,Makes CBAM goods in the EU,0.0,0.0,L,1,below 1 percent of EBITDA,80.0,0.9,0.0,50.0,true,false,lost_allocation_no_production,"Producer with no sector production intensity in config, so no cost could be computed"
B008,2029,delayed_transition,proposal,1,Makes CBAM goods in the EU,0.0,0.0,L,1,below 1 percent of EBITDA,80.0,0.85,0.0,50.0,true,false,lost_allocation_no_production,"Producer with no sector production intensity in config, so no cost could be computed"
B008,2030,delayed_transition,proposal,1,Makes CBAM goods in the EU,0.0,0.0,L,1,below 1 percent of EBITDA,80.0,0.8,0.0,50.0,true,false,lost_allocation_no_production,"Producer with no sector production intensity in config, so no cost could be computed"
B008,2031,delayed_transition,proposal,1,Makes CBAM goods in the EU,0.0,0.0,L,1,below 1 percent of EBITDA,80.0,0.7,0.0,50.0,true,false,lost_allocation_no_production,"Producer with no sector production intensity in config, so no cost could be computed"
B008,2032,delayed_transition,proposal,1,Makes CBAM goods in the EU,0.0,0.0,L,1,below 1 percent of EBITDA,80.0,0.6,0.0,50.0,true,false,lost_allocation_no_production,"Producer with no sector production intensity in config, so no cost could be computed"
B008,2033,delayed_transition,proposal,1,Makes CBAM goods in the EU,0.0,0.0,L,1,below 1 percent of EBITDA,80.0,0.5,0.0,50.0,true,false,lost_allocation_no_production,"Producer with no sector production intensity in config, so no cost could be computed"
B008,2034,delayed_transition,proposal,1,Makes CBAM goods in the EU,0.0,0.0,L,1,below 1 percent of EBITDA,80.0,0.4,0.0,50.0,true,false,lost_allocation_no_production,"Producer with no sector production intensity in config, so no cost could be computed"
B008,2035,delayed_transition,proposal,1,Makes CBAM goods in the EU,0.0,0.0,L,1,below 1 percent of EBITDA,80.0,0.3,0.0,50.0,true,false,lost_allocation_no_production,"Producer with no sector production intensity in config, so no cost could be computed"
B008,2026,net_zero_2050,proposal,1,Makes CBAM goods in the EU,0.0,0.0,L,1,below 1 percent of EBITDA,100.0,0.975,0.0,50.0,true,false,lost_allocation_no_production,"Producer with no sector production intensity in config, so no cost could be computed"
B008,2027,net_zero_2050,proposal,1,Makes CBAM goods in the EU,0.0,0.0,L,1,below 1 percent of EBITDA,100.0,0.95,0.0,50.0,true,false,lost_allocation_no_production,"Producer with no sector production intensity in config, so no cost could be computed"
B008,2028,net_zero_2050,proposal,1,Makes CBAM goods in the EU,0.0,0.0,L,1,below 1 percent of EBITDA,100.0,0.9,0.0,50.0,true,false,lost_allocation_no_production,"Producer with no sector production intensity in config, so no cost could be computed"
B008,2029,net_zero_2050,proposal,1,Makes CBAM goods in the EU,0.0,0.0,L,1,below 1 percent of EBITDA,100.0,0.85,0.0,50.0,true,false,lost_allocation_no_production,"Producer with no sector production intensity in config, so no cost could be computed"
B008,2030,net_zero_2050,proposal,1,Makes CBAM goods in the EU,0.0,0.0,L,1,below 1 percent of EBITDA,100.0,0.8,0.0,50.0,true,false,lost_allocation_no_production,"Producer with no sector production intensity in config, so no cost could be computed"
B008,2031,net_zero_2050,proposal,1,Makes CBAM goods in the EU,0.0,0.0,L,1,below 1 percent of EBITDA,100.0,0.7,0.0,50.0,true,false,lost_allocation_no_production,"Producer with no sector production intensity in config, so no cost could be computed"
B008,2032,net_zero_2050,proposal,1,Makes CBAM goods in the EU,0.0,0.0,L,1,below 1 percent of EBITDA,100.0,0.6,0.0,50.0,true,false,lost_allocation_no_production,"Producer with no sector production intensity in config, so no cost could be computed"
B008,2033,net_zero_2050,proposal,1,Makes CBAM goods in the EU,0.0,0.0,L,1,below 1 percent of EBITDA,100.0,0.5,0.0,50.0,true,false,lost_allocation_no_production,"Producer with no sector production intensity in config, so no cost could be computed"
B008,2034,net_zero_2050,proposal,1,Makes CBAM goods in the EU,0.0,0.0,L,1,below 1 percent of EBITDA,100.0,0.4,0.0,50.0,true,false,lost_allocation_no_production,"Producer with no sector production intensity in config, so no cost could be computed"
B008,2035,net_zero_2050,proposal,1,Makes CBAM goods in the EU,0.0,0.0,L,1,below 1 percent of EBITDA,100.0,0.3,0.0,50.0,true,false,lost_allocation_no_production,"Producer with no sector production intensity in config, so no cost could be computed"
B009,2026,current_policies,adopted,0,Not affected,0.0,0.0,L,1,below 1 percent of EBITDA,60.0,0.975,1200.0,50.0,false,true,out_of_scope,"Not in scope, nothing owed"
B009,2027,current_policies,adopted,0,Not affected,0.0,0.0,L,1,below 1 percent of EBITDA,60.0,0.95,1200.0,50.0,false,true,out_of_scope,"Not in scope, nothing owed"
B009,2028,current_policies,adopted,0,Not affected,0.0,0.0,L,1,below 1 percent of EBITDA,60.0,0.9,1200.0,50.0,false,true,out_of_scope,"Not in scope, nothing owed"
B009,2029,current_policies,adopted,0,Not affected,0.0,0.0,L,1,below 1 percent of EBITDA,60.0,0.775,1200.0,50.0,false,true,out_of_scope,"Not in scope, nothing owed"
B009,2030,current_policies,adopted,0,Not affected,0.0,0.0,L,1,below 1 percent of EBITDA,60.0,0.515,1200.0,50.0,false,true,out_of_scope,"Not in scope, nothing owed"
B009,2031,current_policies,adopted,0,Not affected,0.0,0.0,L,1,below 1 percent of EBITDA,60.0,0.39,1200.0,50.0,false,true,out_of_scope,"Not in scope, nothing owed"
B009,2032,current_policies,adopted,0,Not affected,0.0,0.0,L,1,below 1 percent of EBITDA,60.0,0.265,1200.0,50.0,false,true,out_of_scope,"Not in scope, nothing owed"
B009,2033,current_policies,adopted,0,Not affected,0.0,0.0,L,1,below 1 percent of EBITDA,60.0,0.14,1200.0,50.0,false,true,out_of_scope,"Not in scope, nothing owed"
B009,2034,current_policies,adopted,0,Not affected,0.0,0.0,L,1,below 1 percent of EBITDA,60.0,0.0,1200.0,50.0,false,true,out_of_scope,"Not in scope, nothing owed"
B009,2035,current_policies,adopted,0,Not affected,0.0,0.0,L,1,below 1 percent of EBITDA,60.0,0.0,1200.0,50.0,false,true,out_of_scope,"Not in scope, nothing owed"
B009,2026,delayed_transition,adopted,0,Not affected,0.0,0.0,L,1,below 1 percent of EBITDA,80.0,0.975,1200.0,50.0,false,true,out_of_scope,"Not in scope, nothing owed"
B009,2027,delayed_transition,adopted,0,Not affected,0.0,0.0,L,1,below 1 percent of EBITDA,80.0,0.95,1200.0,50.0,false,true,out_of_scope,"Not in scope, nothing owed"
B009,2028,delayed_transition,adopted,0,Not affected,0.0,0.0,L,1,below 1 percent of EBITDA,80.0,0.9,1200.0,50.0,false,true,out_of_scope,"Not in scope, nothing owed"
B009,2029,delayed_transition,adopted,0,Not affected,0.0,0.0,L,1,below 1 percent of EBITDA,80.0,0.775,1200.0,50.0,false,true,out_of_scope,"Not in scope, nothing owed"
B009,2030,delayed_transition,adopted,0,Not affected,0.0,0.0,L,1,below 1 percent of EBITDA,80.0,0.515,1200.0,50.0,false,true,out_of_scope,"Not in scope, nothing owed"
B009,2031,delayed_transition,adopted,0,Not affected,0.0,0.0,L,1,below 1 percent of EBITDA,80.0,0.39,1200.0,50.0,false,true,out_of_scope,"Not in scope, nothing owed"
B009,2032,delayed_transition,adopted,0,Not affected,0.0,0.0,L,1,below 1 percent of EBITDA,80.0,0.265,1200.0,50.0,false,true,out_of_scope,"Not in scope, nothing owed"
B009,2033,delayed_transition,adopted,0,Not affected,0.0,0.0,L,1,below 1 percent of EBITDA,80.0,0.14,1200.0,50.0,false,true,out_of_scope,"Not in scope, nothing owed"
B009,2034,delayed_transition,adopted,0,Not affected,0.0,0.0,L,1,below 1 percent of EBITDA,80.0,0.0,1200.0,50.0,false,true,out_of_scope,"Not in scope, nothing owed"
B009,2035,delayed_transition,adopted,0,Not affected,0.0,0.0,L,1,below 1 percent of EBITDA,80.0,0.0,1200.0,50.0,false,true,out_of_scope,"Not in scope, nothing owed"
B009,2026,net_zero_2050,adopted,0,Not affected,0.0,0.0,L,1,below 1 percent of EBITDA,100.0,0.975,1200.0,50.0,false,true,out_of_scope,"Not in scope, nothing owed"
B009,2027,net_zero_2050,adopted,0,Not affected,0.0,0.0,L,1,below 1 percent of EBITDA,100.0,0.95,1200.0,50.0,false,true,out_of_scope,"Not in scope, nothing owed"
B009,2028,net_zero_2050,adopted,0,Not affected,0.0,0.0,L,1,below 1 percent of EBITDA,100.0,0.9,1200.0,50.0,false,true,out_of_scope,"Not in scope, nothing owed"
B009,2029,net_zero_2050,adopted,0,Not affected,0.0,0.0,L,1,below 1 percent of EBITDA,100.0,0.775,1200.0,50.0,false,true,out_of_scope,"Not in scope, nothing owed"
B009,2030,net_zero_2050,adopted,0,Not affected,0.0,0.0,L,1,below 1 percent of EBITDA,100.0,0.515,1200.0,50.0,false,true,out_of_scope,"Not in scope, nothing owed"
B009,2031,net_zero_2050,adopted,0,Not affected,0.0,0.0,L,1,below 1 percent of EBITDA,100.0,0.39,1200.0,50.0,false,true,out_of_scope,"Not in scope, nothing owed"
B009,2032,net_zero_2050,adopted,0,Not affected,0.0,0.0,L,1,below 1 percent of EBITDA,100.0,0.265,1200.0,50.0,false,true,out_of_scope,"Not in scope, nothing owed"
B009,2033,net_zero_2050,adopted,0,Not affected,0.0,0.0,L,1,below 1 percent of EBITDA,100.0,0.14,1200.0,50.0,false,true,out_of_scope,"Not in scope, nothing owed"
B009,2034,net_zero_2050,adopted,0,Not affected,0.0,0.0,L,1,below 1 percent of EBITDA,100.0,0.0,1200.0,50.0,false,true,out_of_scope,"Not in scope, nothing owed"
B009,2035,net_zero_2050,adopted,0,Not affected,0.0,0.0,L,1,below 1 percent of EBITDA,100.0,0.0,1200.0,50.0,false,true,out_of_scope,"Not in scope, nothing owed"
B009,2026,current_policies,proposal,3,May be caught from 2028,3420.0,0.00488571428571429,L,1,below 1 percent of EBITDA,60.0,0.975,1200.0,50.0,false,true,direct_obligation,Certificates on imported goods
B009,2027,current_policies,proposal,3,May be caught from 2028,6840.0,0.00977142857142858,L,1,below 1 percent of EBITDA,60.0,0.95,1200.0,50.0,false,true,direct_obligation,Certificates on imported goods
B009,2028,current_policies,proposal,3,May be caught from 2028,13680.0,0.019542857142857136,ML,2,1 to 3 percent of EBITDA,60.0,0.9,1200.0,50.0,false,true,direct_obligation,Certificates on imported goods
B009,2029,current_policies,proposal,3,May be caught from 2028,20520.0,0.02931428571428572,ML,2,1 to 3 percent of EBITDA,60.0,0.85,1200.0,50.0,false,true,direct_obligation,Certificates on imported goods
B009,2030,current_policies,proposal,3,May be caught from 2028,27360.0,0.03908571428571427,M,3,3 to 6 percent of EBITDA,60.0,0.8,1200.0,50.0,false,true,direct_obligation,Certificates on imported goods
B009,2031,current_policies,proposal,3,May be caught from 2028,41040.0,0.05862857142857144,M,3,3 to 6 percent of EBITDA,60.0,0.7,1200.0,50.0,false,true,direct_obligation,Certificates on imported goods
B009,2032,current_policies,proposal,3,May be caught from 2028,54720.0,0.07817142857142857,MH,4,6 to 12 percent of EBITDA,60.0,0.6,1200.0,50.0,false,true,direct_obligation,Certificates on imported goods
B009,2033,current_policies,proposal,3,May be caught from 2028,68400.0,0.09771428571428571,MH,4,6 to 12 percent of EBITDA,60.0,0.5,1200.0,50.0,false,true,direct_obligation,Certificates on imported goods
B009,2034,current_policies,proposal,3,May be caught from 2028,82080.0,0.11725714285714285,MH,4,6 to 12 percent of EBITDA,60.0,0.4,1200.0,50.0,false,true,direct_obligation,Certificates on imported goods
B009,2035,current_policies,proposal,3,May be caught from 2028,95760.0,0.1368,H,5,above 12 percent of EBITDA,60.0,0.3,1200.0,50.0,false,true,direct_obligation,Certificates on imported goods
B009,2026,delayed_transition,proposal,3,May be caught from 2028,4560.0,0.00651428571428572,L,1,below 1 percent of EBITDA,80.0,0.975,1200.0,50.0,false,true,direct_obligation,Certificates on imported goods
B009,2027,delayed_transition,proposal,3,May be caught from 2028,9120.0,0.01302857142857144,ML,2,1 to 3 percent of EBITDA,80.0,0.95,1200.0,50.0,false,true,direct_obligation,Certificates on imported goods
B009,2028,delayed_transition,proposal,3,May be caught from 2028,18240.0,0.02605714285714285,ML,2,1 to 3 percent of EBITDA,80.0,0.9,1200.0,50.0,false,true,direct_obligation,Certificates on imported goods
B009,2029,delayed_transition,proposal,3,May be caught from 2028,27360.0,0.03908571428571429,M,3,3 to 6 percent of EBITDA,80.0,0.85,1200.0,50.0,false,true,direct_obligation,Certificates on imported goods
B009,2030,delayed_transition,proposal,3,May be caught from 2028,36480.0,0.0521142857142857,M,3,3 to 6 percent of EBITDA,80.0,0.8,1200.0,50.0,false,true,direct_obligation,Certificates on imported goods
B009,2031,delayed_transition,proposal,3,May be caught from 2028,54720.0,0.07817142857142859,MH,4,6 to 12 percent of EBITDA,80.0,0.7,1200.0,50.0,false,true,direct_obligation,Certificates on imported goods
B009,2032,delayed_transition,proposal,3,May be caught from 2028,72960.0,0.10422857142857143,MH,4,6 to 12 percent of EBITDA,80.0,0.6,1200.0,50.0,false,true,direct_obligation,Certificates on imported goods
B009,2033,delayed_transition,proposal,3,May be caught from 2028,91200.0,0.13028571428571428,H,5,above 12 percent of EBITDA,80.0,0.5,1200.0,50.0,false,true,direct_obligation,Certificates on imported goods
B009,2034,delayed_transition,proposal,3,May be caught from 2028,109440.0,0.15634285714285714,H,5,above 12 percent of EBITDA,80.0,0.4,1200.0,50.0,false,true,direct_obligation,Certificates on imported goods
B009,2035,delayed_transition,proposal,3,May be caught from 2028,127680.0,0.18239999999999998,H,5,above 12 percent of EBITDA,80.0,0.3,1200.0,50.0,false,true,direct_obligation,Certificates on imported goods
B009,2026,net_zero_2050,proposal,3,May be caught from 2028,5700.0,0.008142857142857151,L,1,below 1 percent of EBITDA,100.0,0.975,1200.0,50.0,false,true,direct_obligation,Certificates on imported goods
B009,2027,net_zero_2050,proposal,3,May be caught from 2028,11400.0,0.016285714285714303,ML,2,1 to 3 percent of EBITDA,100.0,0.95,1200.0,50.0,false,true,direct_obligation,Certificates on imported goods
B009,2028,net_zero_2050,proposal,3,May be caught from 2028,22800.0,0.032571428571428564,M,3,3 to 6 percent of EBITDA,100.0,0.9,1200.0,50.0,false,true,direct_obligation,Certificates on imported goods
B009,2029,net_zero_2050,proposal,3,May be caught from 2028,34200.0,0.04885714285714287,M,3,3 to 6 percent of EBITDA,100.0,0.85,1200.0,50.0,false,true,direct_obligation,Certificates on imported goods
B009,2030,net_zero_2050,proposal,3,May be caught from 2028,45600.0,0.06514285714285713,MH,4,6 to 12 percent of EBITDA,100.0,0.8,1200.0,50.0,false,true,direct_obligation,Certificates on imported goods
B009,2031,net_zero_2050,proposal,3,May be caught from 2028,68400.0,0.09771428571428574,MH,4,6 to 12 percent of EBITDA,100.0,0.7,1200.0,50.0,false,true,direct_obligation,Certificates on imported goods
B009,2032,net_zero_2050,proposal,3,May be caught from 2028,91200.0,0.13028571428571428,H,5,above 12 percent of EBITDA,100.0,0.6,1200.0,50.0,false,true,direct_obligation,Certificates on imported goods
B009,2033,net_zero_2050,proposal,3,May be caught from 2028,114000.0,0.16285714285714287,H,5,above 12 percent of EBITDA,100.0,0.5,1200.0,50.0,false,true,direct_obligation,Certificates on imported goods
B009,2034,net_zero_2050,proposal,3,May be caught from 2028,136800.0,0.19542857142857142,H,5,above 12 percent of EBITDA,100.0,0.4,1200.0,50.0,false,true,direct_obligation,Certificates on imported goods
B009,2035,net_zero_2050,proposal,3,May be caught from 2028,159600.0,0.228,H,5,above 12 percent of EBITDA,100.0,0.3,1200.0,50.0,false,true,direct_obligation,Certificates on imported goods
B010,2026,current_policies,adopted,0,Not affected,0.0,0.0,L,1,below 1 percent of EBITDA,60.0,0.975,0.0,50.0,true,false,out_of_scope,"Not in scope, nothing owed"
B010,2027,current_policies,adopted,0,Not affected,0.0,0.0,L,1,below 1 percent of EBITDA,60.0,0.95,0.0,50.0,true,false,out_of_scope,"Not in scope, nothing owed"
B010,2028,current_policies,adopted,0,Not affected,0.0,0.0,L,1,below 1 percent of EBITDA,60.0,0.9,0.0,50.0,true,false,out_of_scope,"Not in scope, nothing owed"
B010,2029,current_policies,adopted,0,Not affected,0.0,0.0,L,1,below 1 percent of EBITDA,60.0,0.775,0.0,50.0,true,false,out_of_scope,"Not in scope, nothing owed"
B010,2030,current_policies,adopted,0,Not affected,0.0,0.0,L,1,below 1 percent of EBITDA,60.0,0.515,0.0,50.0,true,false,out_of_scope,"Not in scope, nothing owed"
B010,2031,current_policies,adopted,0,Not affected,0.0,0.0,L,1,below 1 percent of EBITDA,60.0,0.39,0.0,50.0,true,false,out_of_scope,"Not in scope, nothing owed"
B010,2032,current_policies,adopted,0,Not affected,0.0,0.0,L,1,below 1 percent of EBITDA,60.0,0.265,0.0,50.0,true,false,out_of_scope,"Not in scope, nothing owed"
B010,2033,current_policies,adopted,0,Not affected,0.0,0.0,L,1,below 1 percent of EBITDA,60.0,0.14,0.0,50.0,true,false,out_of_scope,"Not in scope, nothing owed"
B010,2034,current_policies,adopted,0,Not affected,0.0,0.0,L,1,below 1 percent of EBITDA,60.0,0.0,0.0,50.0,true,false,out_of_scope,"Not in scope, nothing owed"
B010,2035,current_policies,adopted,0,Not affected,0.0,0.0,L,1,below 1 percent of EBITDA,60.0,0.0,0.0,50.0,true,false,out_of_scope,"Not in scope, nothing owed"
B010,2026,delayed_transition,adopted,0,Not affected,0.0,0.0,L,1,below 1 percent of EBITDA,80.0,0.975,0.0,50.0,true,false,out_of_scope,"Not in scope, nothing owed"
B010,2027,delayed_transition,adopted,0,Not affected,0.0,0.0,L,1,below 1 percent of EBITDA,80.0,0.95,0.0,50.0,true,false,out_of_scope,"Not in scope, nothing owed"
B010,2028,delayed_transition,adopted,0,Not affected,0.0,0.0,L,1,below 1 percent of EBITDA,80.0,0.9,0.0,50.0,true,false,out_of_scope,"Not in scope, nothing owed"
B010,2029,delayed_transition,adopted,0,Not affected,0.0,0.0,L,1,below 1 percent of EBITDA,80.0,0.775,0.0,50.0,true,false,out_of_scope,"Not in scope, nothing owed"
B010,2030,delayed_transition,adopted,0,Not affected,0.0,0.0,L,1,below 1 percent of EBITDA,80.0,0.515,0.0,50.0,true,false,out_of_scope,"Not in scope, nothing owed"
B010,2031,delayed_transition,adopted,0,Not affected,0.0,0.0,L,1,below 1 percent of EBITDA,80.0,0.39,0.0,50.0,true,false,out_of_scope,"Not in scope, nothing owed"
B010,2032,delayed_transition,adopted,0,Not affected,0.0,0.0,L,1,below 1 percent of EBITDA,80.0,0.265,0.0,50.0,true,false,out_of_scope,"Not in scope, nothing owed"
B010,2033,delayed_transition,adopted,0,Not affected,0.0,0.0,L,1,below 1 percent of EBITDA,80.0,0.14,0.0,50.0,true,false,out_of_scope,"Not in scope, nothing owed"
B010,2034,delayed_transition,adopted,0,Not affected,0.0,0.0,L,1,below 1 percent of EBITDA,80.0,0.0,0.0,50.0,true,false,out_of_scope,"Not in scope, nothing owed"
B010,2035,delayed_transition,adopted,0,Not affected,0.0,0.0,L,1,below 1 percent of EBITDA,80.0,0.0,0.0,50.0,true,false,out_of_scope,"Not in scope, nothing owed"
B010,2026,net_zero_2050,adopted,0,Not affected,0.0,0.0,L,1,below 1 percent of EBITDA,100.0,0.975,0.0,50.0,true,false,out_of_scope,"Not in scope, nothing owed"
B010,2027,net_zero_2050,adopted,0,Not affected,0.0,0.0,L,1,below 1 percent of EBITDA,100.0,0.95,0.0,50.0,true,false,out_of_scope,"Not in scope, nothing owed"
B010,2028,net_zero_2050,adopted,0,Not affected,0.0,0.0,L,1,below 1 percent of EBITDA,100.0,0.9,0.0,50.0,true,false,out_of_scope,"Not in scope, nothing owed"
B010,2029,net_zero_2050,adopted,0,Not affected,0.0,0.0,L,1,below 1 percent of EBITDA,100.0,0.775,0.0,50.0,true,false,out_of_scope,"Not in scope, nothing owed"
B010,2030,net_zero_2050,adopted,0,Not affected,0.0,0.0,L,1,below 1 percent of EBITDA,100.0,0.515,0.0,50.0,true,false,out_of_scope,"Not in scope, nothing owed"
B010,2031,net_zero_2050,adopted,0,Not affected,0.0,0.0,L,1,below 1 percent of EBITDA,100.0,0.39,0.0,50.0,true,false,out_of_scope,"Not in scope, nothing owed"
B010,2032,net_zero_2050,adopted,0,Not affected,0.0,0.0,L,1,below 1 percent of EBITDA,100.0,0.265,0.0,50.0,true,false,out_of_scope,"Not in scope, nothing owed"
B010,2033,net_zero_2050,adopted,0,Not affected,0.0,0.0,L,1,below 1 percent of EBITDA,100.0,0.14,0.0,50.0,true,false,out_of_scope,"Not in scope, nothing owed"
B010,2034,net_zero_2050,adopted,0,Not affected,0.0,0.0,L,1,below 1 percent of EBITDA,100.0,0.0,0.0,50.0,true,false,out_of_scope,"Not in scope, nothing owed"
B010,2035,net_zero_2050,adopted,0,Not affected,0.0,0.0,L,1,below 1 percent of EBITDA,100.0,0.0,0.0,50.0,true,false,out_of_scope,"Not in scope, nothing owed"
B010,2026,current_policies,proposal,3,May be caught from 2028,0.0,0.0,L,1,below 1 percent of EBITDA,60.0,0.975,0.0,50.0,true,false,below_mass_threshold,"Below the mass threshold, nothing owed this year"
B010,2027,current_policies,proposal,3,May be caught from 2028,0.0,0.0,L,1,below 1 percent of EBITDA,60.0,0.95,0.0,50.0,true,false,below_mass_threshold,"Below the mass threshold, nothing owed this year"
B010,2028,current_policies,proposal,3,May be caught from 2028,0.0,0.0,L,1,below 1 percent of EBITDA,60.0,0.9,0.0,50.0,true,false,below_mass_threshold,"Below the mass threshold, nothing owed this year"
B010,2029,current_policies,proposal,3,May be caught from 2028,0.0,0.0,L,1,below 1 percent of EBITDA,60.0,0.85,0.0,50.0,true,false,below_mass_threshold,"Below the mass threshold, nothing owed this year"
B010,2030,current_policies,proposal,3,May be caught from 2028,0.0,0.0,L,1,below 1 percent of EBITDA,60.0,0.8,0.0,50.0,true,false,below_mass_threshold,"Below the mass threshold, nothing owed this year"
B010,2031,current_policies,proposal,3,May be caught from 2028,0.0,0.0,L,1,below 1 percent of EBITDA,60.0,0.7,0.0,50.0,true,false,below_mass_threshold,"Below the mass threshold, nothing owed this year"
B010,2032,current_policies,proposal,3,May be caught from 2028,0.0,0.0,L,1,below 1 percent of EBITDA,60.0,0.6,0.0,50.0,true,false,below_mass_threshold,"Below the mass threshold, nothing owed this year"
B010,2033,current_policies,proposal,3,May be caught from 2028,0.0,0.0,L,1,below 1 percent of EBITDA,60.0,0.5,0.0,50.0,true,false,below_mass_threshold,"Below the mass threshold, nothing owed this year"
B010,2034,current_policies,proposal,3,May be caught from 2028,0.0,0.0,L,1,below 1 percent of EBITDA,60.0,0.4,0.0,50.0,true,false,below_mass_threshold,"Below the mass threshold, nothing owed this year"
B010,2035,current_policies,proposal,3,May be caught from 2028,0.0,0.0,L,1,below 1 percent of EBITDA,60.0,0.3,0.0,50.0,true,false,below_mass_threshold,"Below the mass threshold, nothing owed this year"
B010,2026,delayed_transition,proposal,3,May be caught from 2028,0.0,0.0,L,1,below 1 percent of EBITDA,80.0,0.975,0.0,50.0,true,false,below_mass_threshold,"Below the mass threshold, nothing owed this year"
B010,2027,delayed_transition,proposal,3,May be caught from 2028,0.0,0.0,L,1,below 1 percent of EBITDA,80.0,0.95,0.0,50.0,true,false,below_mass_threshold,"Below the mass threshold, nothing owed this year"
B010,2028,delayed_transition,proposal,3,May be caught from 2028,0.0,0.0,L,1,below 1 percent of EBITDA,80.0,0.9,0.0,50.0,true,false,below_mass_threshold,"Below the mass threshold, nothing owed this year"
B010,2029,delayed_transition,proposal,3,May be caught from 2028,0.0,0.0,L,1,below 1 percent of EBITDA,80.0,0.85,0.0,50.0,true,false,below_mass_threshold,"Below the mass threshold, nothing owed this year"
B010,2030,delayed_transition,proposal,3,May be caught from 2028,0.0,0.0,L,1,below 1 percent of EBITDA,80.0,0.8,0.0,50.0,true,false,below_mass_threshold,"Below the mass threshold, nothing owed this year"
B010,2031,delayed_transition,proposal,3,May be caught from 2028,0.0,0.0,L,1,below 1 percent of EBITDA,80.0,0.7,0.0,50.0,true,false,below_mass_threshold,"Below the mass threshold, nothing owed this year"
B010,2032,delayed_transition,proposal,3,May be caught from 2028,0.0,0.0,L,1,below 1 percent of EBITDA,80.0,0.6,0.0,50.0,true,false,below_mass_threshold,"Below the mass threshold, nothing owed this year"
B010,2033,delayed_transition,proposal,3,May be caught from 2028,0.0,0.0,L,1,below 1 percent of EBITDA,80.0,0.5,0.0,50.0,true,false,below_mass_threshold,"Below the mass threshold, nothing owed this year"
B010,2034,delayed_transition,proposal,3,May be caught from 2028,0.0,0.0,L,1,below 1 percent of EBITDA,80.0,0.4,0.0,50.0,true,false,below_mass_threshold,"Below the mass threshold, nothing owed this year"
B010,2035,delayed_transition,proposal,3,May be caught from 2028,0.0,0.0,L,1,below 1 percent of EBITDA,80.0,0.3,0.0,50.0,true,false,below_mass_threshold,"Below the mass threshold, nothing owed this year"
B010,2026,net_zero_2050,proposal,3,May be caught from 2028,0.0,0.0,L,1,below 1 percent of EBITDA,100.0,0.975,0.0,50.0,true,false,below_mass_threshold,"Below the mass threshold, nothing owed this year"
B010,2027,net_zero_2050,proposal,3,May be caught from 2028,0.0,0.0,L,1,below 1 percent of EBITDA,100.0,0.95,0.0,50.0,true,false,below_mass_threshold,"Below the mass threshold, nothing owed this year"
B010,2028,net_zero_2050,proposal,3,May be caught from 2028,0.0,0.0,L,1,below 1 percent of EBITDA,100.0,0.9,0.0,50.0,true,false,below_mass_threshold,"Below the mass threshold, nothing owed this year"
B010,2029,net_zero_2050,proposal,3,May be caught from 2028,0.0,0.0,L,1,below 1 percent of EBITDA,100.0,0.85,0.0,50.0,true,false,below_mass_threshold,"Below the mass threshold, nothing owed this year"
B010,2030,net_zero_2050,proposal,3,May be caught from 2028,0.0,0.0,L,1,below 1 percent of EBITDA,100.0,0.8,0.0,50.0,true,false,below_mass_threshold,"Below the mass threshold, nothing owed this year"
B010,2031,net_zero_2050,proposal,3,May be caught from 2028,0.0,0.0,L,1,below 1 percent of EBITDA,100.0,0.7,0.0,50.0,true,false,below_mass_threshold,"Below the mass threshold, nothing owed this year"
B010,2032,net_zero_2050,proposal,3,May be caught from 2028,0.0,0.0,L,1,below 1 percent of EBITDA,100.0,0.6,0.0,50.0,true,false,below_mass_threshold,"Below the mass threshold, nothing owed this year"
B010,2033,net_zero_2050,proposal,3,May be caught from 2028,0.0,0.0,L,1,below 1 percent of EBITDA,100.0,0.5,0.0,50.0,true,false,below_mass_threshold,"Below the mass threshold, nothing owed this year"
B010,2034,net_zero_2050,proposal,3,May be caught from 2028,0.0,0.0,L,1,below 1 percent of EBITDA,100.0,0.4,0.0,50.0,true,false,below_mass_threshold,"Below the mass threshold, nothing owed this year"
B010,2035,net_zero_2050,proposal,3,May be caught from 2028,0.0,0.0,L,1,below 1 percent of EBITDA,100.0,0.3,0.0,50.0,true,false,below_mass_threshold,"Below the mass threshold, nothing owed this year"
B011,2026,current_policies,adopted,4,Pays via input prices,0.0,0.0,L,1,below 1 percent of EBITDA,60.0,0.975,6000.0,50.0,false,true,input_share_uplift_unavailable,"Cost reaches this borrower through supplier prices. Needs the upstream sector uplift from portfolio.py, which is not built yet"
B011,2027,current_policies,adopted,4,Pays via input prices,0.0,0.0,L,1,below 1 percent of EBITDA,60.0,0.95,6000.0,50.0,false,true,input_share_uplift_unavailable,"Cost reaches this borrower through supplier prices. Needs the upstream sector uplift from portfolio.py, which is not built yet"
B011,2028,current_policies,adopted,4,Pays via input prices,0.0,0.0,L,1,below 1 percent of EBITDA,60.0,0.9,6000.0,50.0,false,true,input_share_uplift_unavailable,"Cost reaches this borrower through supplier prices. Needs the upstream sector uplift from portfolio.py, which is not built yet"
B011,2029,current_policies,adopted,4,Pays via input prices,0.0,0.0,L,1,below 1 percent of EBITDA,60.0,0.775,6000.0,50.0,false,true,input_share_uplift_unavailable,"Cost reaches this borrower through supplier prices. Needs the upstream sector uplift from portfolio.py, which is not built yet"
B011,2030,current_policies,adopted,4,Pays via input prices,0.0,0.0,L,1,below 1 percent of EBITDA,60.0,0.515,6000.0,50.0,false,true,input_share_uplift_unavailable,"Cost reaches this borrower through supplier prices. Needs the upstream sector uplift from portfolio.py, which is not built yet"
B011,2031,current_policies,adopted,4,Pays via input prices,0.0,0.0,L,1,below 1 percent of EBITDA,60.0,0.39,6000.0,50.0,false,true,input_share_uplift_unavailable,"Cost reaches this borrower through supplier prices. Needs the upstream sector uplift from portfolio.py, which is not built yet"
B011,2032,current_policies,adopted,4,Pays via input prices,0.0,0.0,L,1,below 1 percent of EBITDA,60.0,0.265,6000.0,50.0,false,true,input_share_uplift_unavailable,"Cost reaches this borrower through supplier prices. Needs the upstream sector uplift from portfolio.py, which is not built yet"
B011,2033,current_policies,adopted,4,Pays via input prices,0.0,0.0,L,1,below 1 percent of EBITDA,60.0,0.14,6000.0,50.0,false,true,input_share_uplift_unavailable,"Cost reaches this borrower through supplier prices. Needs the upstream sector uplift from portfolio.py, which is not built yet"
B011,2034,current_policies,adopted,4,Pays via input prices,0.0,0.0,L,1,below 1 percent of EBITDA,60.0,0.0,6000.0,50.0,false,true,input_share_uplift_unavailable,"Cost reaches this borrower through supplier prices. Needs the upstream sector uplift from portfolio.py, which is not built yet"
B011,2035,current_policies,adopted,4,Pays via input prices,0.0,0.0,L,1,below 1 percent of EBITDA,60.0,0.0,6000.0,50.0,false,true,input_share_uplift_unavailable,"Cost reaches this borrower through supplier prices. Needs the upstream sector uplift from portfolio.py, which is not built yet"
B011,2026,delayed_transition,adopted,4,Pays via input prices,0.0,0.0,L,1,below 1 percent of EBITDA,80.0,0.975,6000.0,50.0,false,true,input_share_uplift_unavailable,"Cost reaches this borrower through supplier prices. Needs the upstream sector uplift from portfolio.py, which is not built yet"
B011,2027,delayed_transition,adopted,4,Pays via input prices,0.0,0.0,L,1,below 1 percent of EBITDA,80.0,0.95,6000.0,50.0,false,true,input_share_uplift_unavailable,"Cost reaches this borrower through supplier prices. Needs the upstream sector uplift from portfolio.py, which is not built yet"
B011,2028,delayed_transition,adopted,4,Pays via input prices,0.0,0.0,L,1,below 1 percent of EBITDA,80.0,0.9,6000.0,50.0,false,true,input_share_uplift_unavailable,"Cost reaches this borrower through supplier prices. Needs the upstream sector uplift from portfolio.py, which is not built yet"
B011,2029,delayed_transition,adopted,4,Pays via input prices,0.0,0.0,L,1,below 1 percent of EBITDA,80.0,0.775,6000.0,50.0,false,true,input_share_uplift_unavailable,"Cost reaches this borrower through supplier prices. Needs the upstream sector uplift from portfolio.py, which is not built yet"
B011,2030,delayed_transition,adopted,4,Pays via input prices,0.0,0.0,L,1,below 1 percent of EBITDA,80.0,0.515,6000.0,50.0,false,true,input_share_uplift_unavailable,"Cost reaches this borrower through supplier prices. Needs the upstream sector uplift from portfolio.py, which is not built yet"
B011,2031,delayed_transition,adopted,4,Pays via input prices,0.0,0.0,L,1,below 1 percent of EBITDA,80.0,0.39,6000.0,50.0,false,true,input_share_uplift_unavailable,"Cost reaches this borrower through supplier prices. Needs the upstream sector uplift from portfolio.py, which is not built yet"
B011,2032,delayed_transition,adopted,4,Pays via input prices,0.0,0.0,L,1,below 1 percent of EBITDA,80.0,0.265,6000.0,50.0,false,true,input_share_uplift_unavailable,"Cost reaches this borrower through supplier prices. Needs the upstream sector uplift from portfolio.py, which is not built yet"
B011,2033,delayed_transition,adopted,4,Pays via input prices,0.0,0.0,L,1,below 1 percent of EBITDA,80.0,0.14,6000.0,50.0,false,true,input_share_uplift_unavailable,"Cost reaches this borrower through supplier prices. Needs the upstream sector uplift from portfolio.py, which is not built yet"
B011,2034,delayed_transition,adopted,4,Pays via input prices,0.0,0.0,L,1,below 1 percent of EBITDA,80.0,0.0,6000.0,50.0,false,true,input_share_uplift_unavailable,"Cost reaches this borrower through supplier prices. Needs the upstream sector uplift from portfolio.py, which is not built yet"
B011,2035,delayed_transition,adopted,4,Pays via input prices,0.0,0.0,L,1,below 1 percent of EBITDA,80.0,0.0,6000.0,50.0,false,true,input_share_uplift_unavailable,"Cost reaches this borrower through supplier prices. Needs the upstream sector uplift from portfolio.py, which is not built yet"
B011,2026,net_zero_2050,adopted,4,Pays via input prices,0.0,0.0,L,1,below 1 percent of EBITDA,100.0,0.975,6000.0,50.0,false,true,input_share_uplift_unavailable,"Cost reaches this borrower through supplier prices. Needs the upstream sector uplift from portfolio.py, which is not built yet"
B011,2027,net_zero_2050,adopted,4,Pays via input prices,0.0,0.0,L,1,below 1 percent of EBITDA,100.0,0.95,6000.0,50.0,false,true,input_share_uplift_unavailable,"Cost reaches this borrower through supplier prices. Needs the upstream sector uplift from portfolio.py, which is not built yet"
B011,2028,net_zero_2050,adopted,4,Pays via input prices,0.0,0.0,L,1,below 1 percent of EBITDA,100.0,0.9,6000.0,50.0,false,true,input_share_uplift_unavailable,"Cost reaches this borrower through supplier prices. Needs the upstream sector uplift from portfolio.py, which is not built yet"
B011,2029,net_zero_2050,adopted,4,Pays via input prices,0.0,0.0,L,1,below 1 percent of EBITDA,100.0,0.775,6000.0,50.0,false,true,input_share_uplift_unavailable,"Cost reaches this borrower through supplier prices. Needs the upstream sector uplift from portfolio.py, which is not built yet"
B011,2030,net_zero_2050,adopted,4,Pays via input prices,0.0,0.0,L,1,below 1 percent of EBITDA,100.0,0.515,6000.0,50.0,false,true,input_share_uplift_unavailable,"Cost reaches this borrower through supplier prices. Needs the upstream sector uplift from portfolio.py, which is not built yet"
B011,2031,net_zero_2050,adopted,4,Pays via input prices,0.0,0.0,L,1,below 1 percent of EBITDA,100.0,0.39,6000.0,50.0,false,true,input_share_uplift_unavailable,"Cost reaches this borrower through supplier prices. Needs the upstream sector uplift from portfolio.py, which is not built yet"
B011,2032,net_zero_2050,adopted,4,Pays via input prices,0.0,0.0,L,1,below 1 percent of EBITDA,100.0,0.265,6000.0,50.0,false,true,input_share_uplift_unavailable,"Cost reaches this borrower through supplier prices. Needs the upstream sector uplift from portfolio.py, which is not built yet"
B011,2033,net_zero_2050,adopted,4,Pays via input prices,0.0,0.0,L,1,below 1 percent of EBITDA,100.0,0.14,6000.0,50.0,false,true,input_share_uplift_unavailable,"Cost reaches this borrower through supplier prices. Needs the upstream sector uplift from portfolio.py, which is not built yet"
B011,2034,net_zero_2050,adopted,4,Pays via input prices,0.0,0.0,L,1,below 1 percent of EBITDA,100.0,0.0,6000.0,50.0,false,true,input_share_uplift_unavailable,"Cost reaches this borrower through supplier prices. Needs the upstream sector uplift from portfolio.py, which is not built yet"
B011,2035,net_zero_2050,adopted,4,Pays via input prices,0.0,0.0,L,1,below 1 percent of EBITDA,100.0,0.0,6000.0,50.0,false,true,input_share_uplift_unavailable,"Cost reaches this borrower through supplier prices. Needs the upstream sector uplift from portfolio.py, which is not built yet"
B011,2026,current_policies,proposal,4,Pays via input prices,0.0,0.0,L,1,below 1 percent of EBITDA,60.0,0.975,6000.0,50.0,false,true,input_share_uplift_unavailable,"Cost reaches this borrower through supplier prices. Needs the upstream sector uplift from portfolio.py, which is not built yet"
B011,2027,current_policies,proposal,4,Pays via input prices,0.0,0.0,L,1,below 1 percent of EBITDA,60.0,0.95,6000.0,50.0,false,true,input_share_uplift_unavailable,"Cost reaches this borrower through supplier prices. Needs the upstream sector uplift from portfolio.py, which is not built yet"
B011,2028,current_policies,proposal,4,Pays via input prices,0.0,0.0,L,1,below 1 percent of EBITDA,60.0,0.9,6000.0,50.0,false,true,input_share_uplift_unavailable,"Cost reaches this borrower through supplier prices. Needs the upstream sector uplift from portfolio.py, which is not built yet"
B011,2029,current_policies,proposal,4,Pays via input prices,0.0,0.0,L,1,below 1 percent of EBITDA,60.0,0.85,6000.0,50.0,false,true,input_share_uplift_unavailable,"Cost reaches this borrower through supplier prices. Needs the upstream sector uplift from portfolio.py, which is not built yet"
B011,2030,current_policies,proposal,4,Pays via input prices,0.0,0.0,L,1,below 1 percent of EBITDA,60.0,0.8,6000.0,50.0,false,true,input_share_uplift_unavailable,"Cost reaches this borrower through supplier prices. Needs the upstream sector uplift from portfolio.py, which is not built yet"
B011,2031,current_policies,proposal,4,Pays via input prices,0.0,0.0,L,1,below 1 percent of EBITDA,60.0,0.7,6000.0,50.0,false,true,input_share_uplift_unavailable,"Cost reaches this borrower through supplier prices. Needs the upstream sector uplift from portfolio.py, which is not built yet"
B011,2032,current_policies,proposal,4,Pays via input prices,0.0,0.0,L,1,below 1 percent of EBITDA,60.0,0.6,6000.0,50.0,false,true,input_share_uplift_unavailable,"Cost reaches this borrower through supplier prices. Needs the upstream sector uplift from portfolio.py, which is not built yet"
B011,2033,current_policies,proposal,4,Pays via input prices,0.0,0.0,L,1,below 1 percent of EBITDA,60.0,0.5,6000.0,50.0,false,true,input_share_uplift_unavailable,"Cost reaches this borrower through supplier prices. Needs the upstream sector uplift from portfolio.py, which is not built yet"
B011,2034,current_policies,proposal,4,Pays via input prices,0.0,0.0,L,1,below 1 percent of EBITDA,60.0,0.4,6000.0,50.0,false,true,input_share_uplift_unavailable,"Cost reaches this borrower through supplier prices. Needs the upstream sector uplift from portfolio.py, which is not built yet"
B011,2035,current_policies,proposal,4,Pays via input prices,0.0,0.0,L,1,below 1 percent of EBITDA,60.0,0.3,6000.0,50.0,false,true,input_share_uplift_unavailable,"Cost reaches this borrower through supplier prices. Needs the upstream sector uplift from portfolio.py, which is not built yet"
B011,2026,delayed_transition,proposal,4,Pays via input prices,0.0,0.0,L,1,below 1 percent of EBITDA,80.0,0.975,6000.0,50.0,false,true,input_share_uplift_unavailable,"Cost reaches this borrower through supplier prices. Needs the upstream sector uplift from portfolio.py, which is not built yet"
B011,2027,delayed_transition,proposal,4,Pays via input prices,0.0,0.0,L,1,below 1 percent of EBITDA,80.0,0.95,6000.0,50.0,false,true,input_share_uplift_unavailable,"Cost reaches this borrower through supplier prices. Needs the upstream sector uplift from portfolio.py, which is not built yet"
B011,2028,delayed_transition,proposal,4,Pays via input prices,0.0,0.0,L,1,below 1 percent of EBITDA,80.0,0.9,6000.0,50.0,false,true,input_share_uplift_unavailable,"Cost reaches this borrower through supplier prices. Needs the upstream sector uplift from portfolio.py, which is not built yet"
B011,2029,delayed_transition,proposal,4,Pays via input prices,0.0,0.0,L,1,below 1 percent of EBITDA,80.0,0.85,6000.0,50.0,false,true,input_share_uplift_unavailable,"Cost reaches this borrower through supplier prices. Needs the upstream sector uplift from portfolio.py, which is not built yet"
B011,2030,delayed_transition,proposal,4,Pays via input prices,0.0,0.0,L,1,below 1 percent of EBITDA,80.0,0.8,6000.0,50.0,false,true,input_share_uplift_unavailable,"Cost reaches this borrower through supplier prices. Needs the upstream sector uplift from portfolio.py, which is not built yet"
B011,2031,delayed_transition,proposal,4,Pays via input prices,0.0,0.0,L,1,below 1 percent of EBITDA,80.0,0.7,6000.0,50.0,false,true,input_share_uplift_unavailable,"Cost reaches this borrower through supplier prices. Needs the upstream sector uplift from portfolio.py, which is not built yet"
B011,2032,delayed_transition,proposal,4,Pays via input prices,0.0,0.0,L,1,below 1 percent of EBITDA,80.0,0.6,6000.0,50.0,false,true,input_share_uplift_unavailable,"Cost reaches this borrower through supplier prices. Needs the upstream sector uplift from portfolio.py, which is not built yet"
B011,2033,delayed_transition,proposal,4,Pays via input prices,0.0,0.0,L,1,below 1 percent of EBITDA,80.0,0.5,6000.0,50.0,false,true,input_share_uplift_unavailable,"Cost reaches this borrower through supplier prices. Needs the upstream sector uplift from portfolio.py, which is not built yet"
B011,2034,delayed_transition,proposal,4,Pays via input prices,0.0,0.0,L,1,below 1 percent of EBITDA,80.0,0.4,6000.0,50.0,false,true,input_share_uplift_unavailable,"Cost reaches this borrower through supplier prices. Needs the upstream sector uplift from portfolio.py, which is not built yet"
B011,2035,delayed_transition,proposal,4,Pays via input prices,0.0,0.0,L,1,below 1 percent of EBITDA,80.0,0.3,6000.0,50.0,false,true,input_share_uplift_unavailable,"Cost reaches this borrower through supplier prices. Needs the upstream sector uplift from portfolio.py, which is not built yet"
B011,2026,net_zero_2050,proposal,4,Pays via input prices,0.0,0.0,L,1,below 1 percent of EBITDA,100.0,0.975,6000.0,50.0,false,true,input_share_uplift_unavailable,"Cost reaches this borrower through supplier prices. Needs the upstream sector uplift from portfolio.py, which is not built yet"
B011,2027,net_zero_2050,proposal,4,Pays via input prices,0.0,0.0,L,1,below 1 percent of EBITDA,100.0,0.95,6000.0,50.0,false,true,input_share_uplift_unavailable,"Cost reaches this borrower through supplier prices. Needs the upstream sector uplift from portfolio.py, which is not built yet"
B011,2028,net_zero_2050,proposal,4,Pays via input prices,0.0,0.0,L,1,below 1 percent of EBITDA,100.0,0.9,6000.0,50.0,false,true,input_share_uplift_unavailable,"Cost reaches this borrower through supplier prices. Needs the upstream sector uplift from portfolio.py, which is not built yet"
B011,2029,net_zero_2050,proposal,4,Pays via input prices,0.0,0.0,L,1,below 1 percent of EBITDA,100.0,0.85,6000.0,50.0,false,true,input_share_uplift_unavailable,"Cost reaches this borrower through supplier prices. Needs the upstream sector uplift from portfolio.py, which is not built yet"
B011,2030,net_zero_2050,proposal,4,Pays via input prices,0.0,0.0,L,1,below 1 percent of EBITDA,100.0,0.8,6000.0,50.0,false,true,input_share_uplift_unavailable,"Cost reaches this borrower through supplier prices. Needs the upstream sector uplift from portfolio.py, which is not built yet"
B011,2031,net_zero_2050,proposal,4,Pays via input prices,0.0,0.0,L,1,below 1 percent of EBITDA,100.0,0.7,6000.0,50.0,false,true,input_share_uplift_unavailable,"Cost reaches this borrower through supplier prices. Needs the upstream sector uplift from portfolio.py, which is not built yet"
B011,2032,net_zero_2050,proposal,4,Pays via input prices,0.0,0.0,L,1,below 1 percent of EBITDA,100.0,0.6,6000.0,50.0,false,true,input_share_uplift_unavailable,"Cost reaches this borrower through supplier prices. Needs the upstream sector uplift from portfolio.py, which is not built yet"
B011,2033,net_zero_2050,proposal,4,Pays via input prices,0.0,0.0,L,1,below 1 percent of EBITDA,100.0,0.5,6000.0,50.0,false,true,input_share_uplift_unavailable,"Cost reaches this borrower through supplier prices. Needs the upstream sector uplift from portfolio.py, which is not built yet"
B011,2034,net_zero_2050,proposal,4,Pays via input prices,0.0,0.0,L,1,below 1 percent of EBITDA,100.0,0.4,6000.0,50.0,false,true,input_share_uplift_unavailable,"Cost reaches this borrower through supplier prices. Needs the upstream sector uplift from portfolio.py, which is not built yet"
B011,2035,net_zero_2050,proposal,4,Pays via input prices,0.0,0.0,L,1,below 1 percent of EBITDA,100.0,0.3,6000.0,50.0,false,true,input_share_uplift_unavailable,"Cost reaches this borrower through supplier prices. Needs the upstream sector uplift from portfolio.py, which is not built yet"
B012,2026,current_policies,adopted,4,Pays via input prices,0.0,,H,5,above 12 percent of EBITDA,60.0,0.975,64.0,50.0,false,true,input_share_uplift_unavailable,"Cost reaches this borrower through supplier prices. Needs the upstream sector uplift from portfolio.py, which is not built yet"
B012,2027,current_policies,adopted,4,Pays via input prices,0.0,,H,5,above 12 percent of EBITDA,60.0,0.95,64.0,50.0,false,true,input_share_uplift_unavailable,"Cost reaches this borrower through supplier prices. Needs the upstream sector uplift from portfolio.py, which is not built yet"
B012,2028,current_policies,adopted,4,Pays via input prices,0.0,,H,5,above 12 percent of EBITDA,60.0,0.9,64.0,50.0,false,true,input_share_uplift_unavailable,"Cost reaches this borrower through supplier prices. Needs the upstream sector uplift from portfolio.py, which is not built yet"
B012,2029,current_policies,adopted,4,Pays via input prices,0.0,,H,5,above 12 percent of EBITDA,60.0,0.775,64.0,50.0,false,true,input_share_uplift_unavailable,"Cost reaches this borrower through supplier prices. Needs the upstream sector uplift from portfolio.py, which is not built yet"
B012,2030,current_policies,adopted,4,Pays via input prices,0.0,,H,5,above 12 percent of EBITDA,60.0,0.515,64.0,50.0,false,true,input_share_uplift_unavailable,"Cost reaches this borrower through supplier prices. Needs the upstream sector uplift from portfolio.py, which is not built yet"
B012,2031,current_policies,adopted,4,Pays via input prices,0.0,,H,5,above 12 percent of EBITDA,60.0,0.39,64.0,50.0,false,true,input_share_uplift_unavailable,"Cost reaches this borrower through supplier prices. Needs the upstream sector uplift from portfolio.py, which is not built yet"
B012,2032,current_policies,adopted,4,Pays via input prices,0.0,,H,5,above 12 percent of EBITDA,60.0,0.265,64.0,50.0,false,true,input_share_uplift_unavailable,"Cost reaches this borrower through supplier prices. Needs the upstream sector uplift from portfolio.py, which is not built yet"
B012,2033,current_policies,adopted,4,Pays via input prices,0.0,,H,5,above 12 percent of EBITDA,60.0,0.14,64.0,50.0,false,true,input_share_uplift_unavailable,"Cost reaches this borrower through supplier prices. Needs the upstream sector uplift from portfolio.py, which is not built yet"
B012,2034,current_policies,adopted,4,Pays via input prices,0.0,,H,5,above 12 percent of EBITDA,60.0,0.0,64.0,50.0,false,true,input_share_uplift_unavailable,"Cost reaches this borrower through supplier prices. Needs the upstream sector uplift from portfolio.py, which is not built yet"
B012,2035,current_policies,adopted,4,Pays via input prices,0.0,,H,5,above 12 percent of EBITDA,60.0,0.0,64.0,50.0,false,true,input_share_uplift_unavailable,"Cost reaches this borrower through supplier prices. Needs the upstream sector uplift from portfolio.py, which is not built yet"
B012,2026,delayed_transition,adopted,4,Pays via input prices,0.0,,H,5,above 12 percent of EBITDA,80.0,0.975,64.0,50.0,false,true,input_share_uplift_unavailable,"Cost reaches this borrower through supplier prices. Needs the upstream sector uplift from portfolio.py, which is not built yet"
B012,2027,delayed_transition,adopted,4,Pays via input prices,0.0,,H,5,above 12 percent of EBITDA,80.0,0.95,64.0,50.0,false,true,input_share_uplift_unavailable,"Cost reaches this borrower through supplier prices. Needs the upstream sector uplift from portfolio.py, which is not built yet"
B012,2028,delayed_transition,adopted,4,Pays via input prices,0.0,,H,5,above 12 percent of EBITDA,80.0,0.9,64.0,50.0,false,true,input_share_uplift_unavailable,"Cost reaches this borrower through supplier prices. Needs the upstream sector uplift from portfolio.py, which is not built yet"
B012,2029,delayed_transition,adopted,4,Pays via input prices,0.0,,H,5,above 12 percent of EBITDA,80.0,0.775,64.0,50.0,false,true,input_share_uplift_unavailable,"Cost reaches this borrower through supplier prices. Needs the upstream sector uplift from portfolio.py, which is not built yet"
B012,2030,delayed_transition,adopted,4,Pays via input prices,0.0,,H,5,above 12 percent of EBITDA,80.0,0.515,64.0,50.0,false,true,input_share_uplift_unavailable,"Cost reaches this borrower through supplier prices. Needs the upstream sector uplift from portfolio.py, which is not built yet"
B012,2031,delayed_transition,adopted,4,Pays via input prices,0.0,,H,5,above 12 percent of EBITDA,80.0,0.39,64.0,50.0,false,true,input_share_uplift_unavailable,"Cost reaches this borrower through supplier prices. Needs the upstream sector uplift from portfolio.py, which is not built yet"
B012,2032,delayed_transition,adopted,4,Pays via input prices,0.0,,H,5,above 12 percent of EBITDA,80.0,0.265,64.0,50.0,false,true,input_share_uplift_unavailable,"Cost reaches this borrower through supplier prices. Needs the upstream sector uplift from portfolio.py, which is not built yet"
B012,2033,delayed_transition,adopted,4,Pays via input prices,0.0,,H,5,above 12 percent of EBITDA,80.0,0.14,64.0,50.0,false,true,input_share_uplift_unavailable,"Cost reaches this borrower through supplier prices. Needs the upstream sector uplift from portfolio.py, which is not built yet"
B012,2034,delayed_transition,adopted,4,Pays via input prices,0.0,,H,5,above 12 percent of EBITDA,80.0,0.0,64.0,50.0,false,true,input_share_uplift_unavailable,"Cost reaches this borrower through supplier prices. Needs the upstream sector uplift from portfolio.py, which is not built yet"
B012,2035,delayed_transition,adopted,4,Pays via input prices,0.0,,H,5,above 12 percent of EBITDA,80.0,0.0,64.0,50.0,false,true,input_share_uplift_unavailable,"Cost reaches this borrower through supplier prices. Needs the upstream sector uplift from portfolio.py, which is not built yet"
B012,2026,net_zero_2050,adopted,4,Pays via input prices,0.0,,H,5,above 12 percent of EBITDA,100.0,0.975,64.0,50.0,false,true,input_share_uplift_unavailable,"Cost reaches this borrower through supplier prices. Needs the upstream sector uplift from portfolio.py, which is not built yet"
B012,2027,net_zero_2050,adopted,4,Pays via input prices,0.0,,H,5,above 12 percent of EBITDA,100.0,0.95,64.0,50.0,false,true,input_share_uplift_unavailable,"Cost reaches this borrower through supplier prices. Needs the upstream sector uplift from portfolio.py, which is not built yet"
B012,2028,net_zero_2050,adopted,4,Pays via input prices,0.0,,H,5,above 12 percent of EBITDA,100.0,0.9,64.0,50.0,false,true,input_share_uplift_unavailable,"Cost reaches this borrower through supplier prices. Needs the upstream sector uplift from portfolio.py, which is not built yet"
B012,2029,net_zero_2050,adopted,4,Pays via input prices,0.0,,H,5,above 12 percent of EBITDA,100.0,0.775,64.0,50.0,false,true,input_share_uplift_unavailable,"Cost reaches this borrower through supplier prices. Needs the upstream sector uplift from portfolio.py, which is not built yet"
B012,2030,net_zero_2050,adopted,4,Pays via input prices,0.0,,H,5,above 12 percent of EBITDA,100.0,0.515,64.0,50.0,false,true,input_share_uplift_unavailable,"Cost reaches this borrower through supplier prices. Needs the upstream sector uplift from portfolio.py, which is not built yet"
B012,2031,net_zero_2050,adopted,4,Pays via input prices,0.0,,H,5,above 12 percent of EBITDA,100.0,0.39,64.0,50.0,false,true,input_share_uplift_unavailable,"Cost reaches this borrower through supplier prices. Needs the upstream sector uplift from portfolio.py, which is not built yet"
B012,2032,net_zero_2050,adopted,4,Pays via input prices,0.0,,H,5,above 12 percent of EBITDA,100.0,0.265,64.0,50.0,false,true,input_share_uplift_unavailable,"Cost reaches this borrower through supplier prices. Needs the upstream sector uplift from portfolio.py, which is not built yet"
B012,2033,net_zero_2050,adopted,4,Pays via input prices,0.0,,H,5,above 12 percent of EBITDA,100.0,0.14,64.0,50.0,false,true,input_share_uplift_unavailable,"Cost reaches this borrower through supplier prices. Needs the upstream sector uplift from portfolio.py, which is not built yet"
B012,2034,net_zero_2050,adopted,4,Pays via input prices,0.0,,H,5,above 12 percent of EBITDA,100.0,0.0,64.0,50.0,false,true,input_share_uplift_unavailable,"Cost reaches this borrower through supplier prices. Needs the upstream sector uplift from portfolio.py, which is not built yet"
B012,2035,net_zero_2050,adopted,4,Pays via input prices,0.0,,H,5,above 12 percent of EBITDA,100.0,0.0,64.0,50.0,false,true,input_share_uplift_unavailable,"Cost reaches this borrower through supplier prices. Needs the upstream sector uplift from portfolio.py, which is not built yet"
B012,2026,current_policies,proposal,4,Pays via input prices,0.0,,H,5,above 12 percent of EBITDA,60.0,0.975,64.0,50.0,false,true,input_share_uplift_unavailable,"Cost reaches this borrower through supplier prices. Needs the upstream sector uplift from portfolio.py, which is not built yet"
B012,2027,current_policies,proposal,4,Pays via input prices,0.0,,H,5,above 12 percent of EBITDA,60.0,0.95,64.0,50.0,false,true,input_share_uplift_unavailable,"Cost reaches this borrower through supplier prices. Needs the upstream sector uplift from portfolio.py, which is not built yet"
B012,2028,current_policies,proposal,4,Pays via input prices,0.0,,H,5,above 12 percent of EBITDA,60.0,0.9,64.0,50.0,false,true,input_share_uplift_unavailable,"Cost reaches this borrower through supplier prices. Needs the upstream sector uplift from portfolio.py, which is not built yet"
B012,2029,current_policies,proposal,4,Pays via input prices,0.0,,H,5,above 12 percent of EBITDA,60.0,0.85,64.0,50.0,false,true,input_share_uplift_unavailable,"Cost reaches this borrower through supplier prices. Needs the upstream sector uplift from portfolio.py, which is not built yet"
B012,2030,current_policies,proposal,4,Pays via input prices,0.0,,H,5,above 12 percent of EBITDA,60.0,0.8,64.0,50.0,false,true,input_share_uplift_unavailable,"Cost reaches this borrower through supplier prices. Needs the upstream sector uplift from portfolio.py, which is not built yet"
B012,2031,current_policies,proposal,4,Pays via input prices,0.0,,H,5,above 12 percent of EBITDA,60.0,0.7,64.0,50.0,false,true,input_share_uplift_unavailable,"Cost reaches this borrower through supplier prices. Needs the upstream sector uplift from portfolio.py, which is not built yet"
B012,2032,current_policies,proposal,4,Pays via input prices,0.0,,H,5,above 12 percent of EBITDA,60.0,0.6,64.0,50.0,false,true,input_share_uplift_unavailable,"Cost reaches this borrower through supplier prices. Needs the upstream sector uplift from portfolio.py, which is not built yet"
B012,2033,current_policies,proposal,4,Pays via input prices,0.0,,H,5,above 12 percent of EBITDA,60.0,0.5,64.0,50.0,false,true,input_share_uplift_unavailable,"Cost reaches this borrower through supplier prices. Needs the upstream sector uplift from portfolio.py, which is not built yet"
B012,2034,current_policies,proposal,4,Pays via input prices,0.0,,H,5,above 12 percent of EBITDA,60.0,0.4,64.0,50.0,false,true,input_share_uplift_unavailable,"Cost reaches this borrower through supplier prices. Needs the upstream sector uplift from portfolio.py, which is not built yet"
B012,2035,current_policies,proposal,4,Pays via input prices,0.0,,H,5,above 12 percent of EBITDA,60.0,0.3,64.0,50.0,false,true,input_share_uplift_unavailable,"Cost reaches this borrower through supplier prices. Needs the upstream sector uplift from portfolio.py, which is not built yet"
B012,2026,delayed_transition,proposal,4,Pays via input prices,0.0,,H,5,above 12 percent of EBITDA,80.0,0.975,64.0,50.0,false,true,input_share_uplift_unavailable,"Cost reaches this borrower through supplier prices. Needs the upstream sector uplift from portfolio.py, which is not built yet"
B012,2027,delayed_transition,proposal,4,Pays via input prices,0.0,,H,5,above 12 percent of EBITDA,80.0,0.95,64.0,50.0,false,true,input_share_uplift_unavailable,"Cost reaches this borrower through supplier prices. Needs the upstream sector uplift from portfolio.py, which is not built yet"
B012,2028,delayed_transition,proposal,4,Pays via input prices,0.0,,H,5,above 12 percent of EBITDA,80.0,0.9,64.0,50.0,false,true,input_share_uplift_unavailable,"Cost reaches this borrower through supplier prices. Needs the upstream sector uplift from portfolio.py, which is not built yet"
B012,2029,delayed_transition,proposal,4,Pays via input prices,0.0,,H,5,above 12 percent of EBITDA,80.0,0.85,64.0,50.0,false,true,input_share_uplift_unavailable,"Cost reaches this borrower through supplier prices. Needs the upstream sector uplift from portfolio.py, which is not built yet"
B012,2030,delayed_transition,proposal,4,Pays via input prices,0.0,,H,5,above 12 percent of EBITDA,80.0,0.8,64.0,50.0,false,true,input_share_uplift_unavailable,"Cost reaches this borrower through supplier prices. Needs the upstream sector uplift from portfolio.py, which is not built yet"
B012,2031,delayed_transition,proposal,4,Pays via input prices,0.0,,H,5,above 12 percent of EBITDA,80.0,0.7,64.0,50.0,false,true,input_share_uplift_unavailable,"Cost reaches this borrower through supplier prices. Needs the upstream sector uplift from portfolio.py, which is not built yet"
B012,2032,delayed_transition,proposal,4,Pays via input prices,0.0,,H,5,above 12 percent of EBITDA,80.0,0.6,64.0,50.0,false,true,input_share_uplift_unavailable,"Cost reaches this borrower through supplier prices. Needs the upstream sector uplift from portfolio.py, which is not built yet"
B012,2033,delayed_transition,proposal,4,Pays via input prices,0.0,,H,5,above 12 percent of EBITDA,80.0,0.5,64.0,50.0,false,true,input_share_uplift_unavailable,"Cost reaches this borrower through supplier prices. Needs the upstream sector uplift from portfolio.py, which is not built yet"
B012,2034,delayed_transition,proposal,4,Pays via input prices,0.0,,H,5,above 12 percent of EBITDA,80.0,0.4,64.0,50.0,false,true,input_share_uplift_unavailable,"Cost reaches this borrower through supplier prices. Needs the upstream sector uplift from portfolio.py, which is not built yet"
B012,2035,delayed_transition,proposal,4,Pays via input prices,0.0,,H,5,above 12 percent of EBITDA,80.0,0.3,64.0,50.0,false,true,input_share_uplift_unavailable,"Cost reaches this borrower through supplier prices. Needs the upstream sector uplift from portfolio.py, which is not built yet"
B012,2026,net_zero_2050,proposal,4,Pays via input prices,0.0,,H,5,above 12 percent of EBITDA,100.0,0.975,64.0,50.0,false,true,input_share_uplift_unavailable,"Cost reaches this borrower through supplier prices. Needs the upstream sector uplift from portfolio.py, which is not built yet"
B012,2027,net_zero_2050,proposal,4,Pays via input prices,0.0,,H,5,above 12 percent of EBITDA,100.0,0.95,64.0,50.0,false,true,input_share_uplift_unavailable,"Cost reaches this borrower through supplier prices. Needs the upstream sector uplift from portfolio.py, which is not built yet"
B012,2028,net_zero_2050,proposal,4,Pays via input prices,0.0,,H,5,above 12 percent of EBITDA,100.0,0.9,64.0,50.0,false,true,input_share_uplift_unavailable,"Cost reaches this borrower through supplier prices. Needs the upstream sector uplift from portfolio.py, which is not built yet"
B012,2029,net_zero_2050,proposal,4,Pays via input prices,0.0,,H,5,above 12 percent of EBITDA,100.0,0.85,64.0,50.0,false,true,input_share_uplift_unavailable,"Cost reaches this borrower through supplier prices. Needs the upstream sector uplift from portfolio.py, which is not built yet"
B012,2030,net_zero_2050,proposal,4,Pays via input prices,0.0,,H,5,above 12 percent of EBITDA,100.0,0.8,64.0,50.0,false,true,input_share_uplift_unavailable,"Cost reaches this borrower through supplier prices. Needs the upstream sector uplift from portfolio.py, which is not built yet"
B012,2031,net_zero_2050,proposal,4,Pays via input prices,0.0,,H,5,above 12 percent of EBITDA,100.0,0.7,64.0,50.0,false,true,input_share_uplift_unavailable,"Cost reaches this borrower through supplier prices. Needs the upstream sector uplift from portfolio.py, which is not built yet"
B012,2032,net_zero_2050,proposal,4,Pays via input prices,0.0,,H,5,above 12 percent of EBITDA,100.0,0.6,64.0,50.0,false,true,input_share_uplift_unavailable,"Cost reaches this borrower through supplier prices. Needs the upstream sector uplift from portfolio.py, which is not built yet"
B012,2033,net_zero_2050,proposal,4,Pays via input prices,0.0,,H,5,above 12 percent of EBITDA,100.0,0.5,64.0,50.0,false,true,input_share_uplift_unavailable,"Cost reaches this borrower through supplier prices. Needs the upstream sector uplift from portfolio.py, which is not built yet"
B012,2034,net_zero_2050,proposal,4,Pays via input prices,0.0,,H,5,above 12 percent of EBITDA,100.0,0.4,64.0,50.0,false,true,input_share_uplift_unavailable,"Cost reaches this borrower through supplier prices. Needs the upstream sector uplift from portfolio.py, which is not built yet"
B012,2035,net_zero_2050,proposal,4,Pays via input prices,0.0,,H,5,above 12 percent of EBITDA,100.0,0.3,64.0,50.0,false,true,input_share_uplift_unavailable,"Cost reaches this borrower through supplier prices. Needs the upstream sector uplift from portfolio.py, which is not built yet"
B013,2026,current_policies,adopted,0,Not affected,0.0,0.0,L,1,below 1 percent of EBITDA,60.0,0.975,0.0,50.0,true,false,out_of_scope,"Not in scope, nothing owed"
B013,2027,current_policies,adopted,0,Not affected,0.0,0.0,L,1,below 1 percent of EBITDA,60.0,0.95,0.0,50.0,true,false,out_of_scope,"Not in scope, nothing owed"
B013,2028,current_policies,adopted,0,Not affected,0.0,0.0,L,1,below 1 percent of EBITDA,60.0,0.9,0.0,50.0,true,false,out_of_scope,"Not in scope, nothing owed"
B013,2029,current_policies,adopted,0,Not affected,0.0,0.0,L,1,below 1 percent of EBITDA,60.0,0.775,0.0,50.0,true,false,out_of_scope,"Not in scope, nothing owed"
B013,2030,current_policies,adopted,0,Not affected,0.0,0.0,L,1,below 1 percent of EBITDA,60.0,0.515,0.0,50.0,true,false,out_of_scope,"Not in scope, nothing owed"
B013,2031,current_policies,adopted,0,Not affected,0.0,0.0,L,1,below 1 percent of EBITDA,60.0,0.39,0.0,50.0,true,false,out_of_scope,"Not in scope, nothing owed"
B013,2032,current_policies,adopted,0,Not affected,0.0,0.0,L,1,below 1 percent of EBITDA,60.0,0.265,0.0,50.0,true,false,out_of_scope,"Not in scope, nothing owed"
B013,2033,current_policies,adopted,0,Not affected,0.0,0.0,L,1,below 1 percent of EBITDA,60.0,0.14,0.0,50.0,true,false,out_of_scope,"Not in scope, nothing owed"
B013,2034,current_policies,adopted,0,Not affected,0.0,0.0,L,1,below 1 percent of EBITDA,60.0,0.0,0.0,50.0,true,false,out_of_scope,"Not in scope, nothing owed"
B013,2035,current_policies,adopted,0,Not affected,0.0,0.0,L,1,below 1 percent of EBITDA,60.0,0.0,0.0,50.0,true,false,out_of_scope,"Not in scope, nothing owed"
B013,2026,delayed_transition,adopted,0,Not affected,0.0,0.0,L,1,below 1 percent of EBITDA,80.0,0.975,0.0,50.0,true,false,out_of_scope,"Not in scope, nothing owed"
B013,2027,delayed_transition,adopted,0,Not affected,0.0,0.0,L,1,below 1 percent of EBITDA,80.0,0.95,0.0,50.0,true,false,out_of_scope,"Not in scope, nothing owed"
B013,2028,delayed_transition,adopted,0,Not affected,0.0,0.0,L,1,below 1 percent of EBITDA,80.0,0.9,0.0,50.0,true,false,out_of_scope,"Not in scope, nothing owed"
B013,2029,delayed_transition,adopted,0,Not affected,0.0,0.0,L,1,below 1 percent of EBITDA,80.0,0.775,0.0,50.0,true,false,out_of_scope,"Not in scope, nothing owed"
B013,2030,delayed_transition,adopted,0,Not affected,0.0,0.0,L,1,below 1 percent of EBITDA,80.0,0.515,0.0,50.0,true,false,out_of_scope,"Not in scope, nothing owed"
B013,2031,delayed_transition,adopted,0,Not affected,0.0,0.0,L,1,below 1 percent of EBITDA,80.0,0.39,0.0,50.0,true,false,out_of_scope,"Not in scope, nothing owed"
B013,2032,delayed_transition,adopted,0,Not affected,0.0,0.0,L,1,below 1 percent of EBITDA,80.0,0.265,0.0,50.0,true,false,out_of_scope,"Not in scope, nothing owed"
B013,2033,delayed_transition,adopted,0,Not affected,0.0,0.0,L,1,below 1 percent of EBITDA,80.0,0.14,0.0,50.0,true,false,out_of_scope,"Not in scope, nothing owed"
B013,2034,delayed_transition,adopted,0,Not affected,0.0,0.0,L,1,below 1 percent of EBITDA,80.0,0.0,0.0,50.0,true,false,out_of_scope,"Not in scope, nothing owed"
B013,2035,delayed_transition,adopted,0,Not affected,0.0,0.0,L,1,below 1 percent of EBITDA,80.0,0.0,0.0,50.0,true,false,out_of_scope,"Not in scope, nothing owed"
B013,2026,net_zero_2050,adopted,0,Not affected,0.0,0.0,L,1,below 1 percent of EBITDA,100.0,0.975,0.0,50.0,true,false,out_of_scope,"Not in scope, nothing owed"
B013,2027,net_zero_2050,adopted,0,Not affected,0.0,0.0,L,1,below 1 percent of EBITDA,100.0,0.95,0.0,50.0,true,false,out_of_scope,"Not in scope, nothing owed"
B013,2028,net_zero_2050,adopted,0,Not affected,0.0,0.0,L,1,below 1 percent of EBITDA,100.0,0.9,0.0,50.0,true,false,out_of_scope,"Not in scope, nothing owed"
B013,2029,net_zero_2050,adopted,0,Not affected,0.0,0.0,L,1,below 1 percent of EBITDA,100.0,0.775,0.0,50.0,true,false,out_of_scope,"Not in scope, nothing owed"
B013,2030,net_zero_2050,adopted,0,Not affected,0.0,0.0,L,1,below 1 percent of EBITDA,100.0,0.515,0.0,50.0,true,false,out_of_scope,"Not in scope, nothing owed"
B013,2031,net_zero_2050,adopted,0,Not affected,0.0,0.0,L,1,below 1 percent of EBITDA,100.0,0.39,0.0,50.0,true,false,out_of_scope,"Not in scope, nothing owed"
B013,2032,net_zero_2050,adopted,0,Not affected,0.0,0.0,L,1,below 1 percent of EBITDA,100.0,0.265,0.0,50.0,true,false,out_of_scope,"Not in scope, nothing owed"
B013,2033,net_zero_2050,adopted,0,Not affected,0.0,0.0,L,1,below 1 percent of EBITDA,100.0,0.14,0.0,50.0,true,false,out_of_scope,"Not in scope, nothing owed"
B013,2034,net_zero_2050,adopted,0,Not affected,0.0,0.0,L,1,below 1 percent of EBITDA,100.0,0.0,0.0,50.0,true,false,out_of_scope,"Not in scope, nothing owed"
B013,2035,net_zero_2050,adopted,0,Not affected,0.0,0.0,L,1,below 1 percent of EBITDA,100.0,0.0,0.0,50.0,true,false,out_of_scope,"Not in scope, nothing owed"
B013,2026,current_policies,proposal,0,Not affected,0.0,0.0,L,1,below 1 percent of EBITDA,60.0,0.975,0.0,50.0,true,false,out_of_scope,"Not in scope, nothing owed"
B013,2027,current_policies,proposal,0,Not affected,0.0,0.0,L,1,below 1 percent of EBITDA,60.0,0.95,0.0,50.0,true,false,out_of_scope,"Not in scope, nothing owed"
B013,2028,current_policies,proposal,0,Not affected,0.0,0.0,L,1,below 1 percent of EBITDA,60.0,0.9,0.0,50.0,true,false,out_of_scope,"Not in scope, nothing owed"
B013,2029,current_policies,proposal,0,Not affected,0.0,0.0,L,1,below 1 percent of EBITDA,60.0,0.85,0.0,50.0,true,false,out_of_scope,"Not in scope, nothing owed"
B013,2030,current_policies,proposal,0,Not affected,0.0,0.0,L,1,below 1 percent of EBITDA,60.0,0.8,0.0,50.0,true,false,out_of_scope,"Not in scope, nothing owed"
B013,2031,current_policies,proposal,0,Not affected,0.0,0.0,L,1,below 1 percent of EBITDA,60.0,0.7,0.0,50.0,true,false,out_of_scope,"Not in scope, nothing owed"
B013,2032,current_policies,proposal,0,Not affected,0.0,0.0,L,1,below 1 percent of EBITDA,60.0,0.6,0.0,50.0,true,false,out_of_scope,"Not in scope, nothing owed"
B013,2033,current_policies,proposal,0,Not affected,0.0,0.0,L,1,below 1 percent of EBITDA,60.0,0.5,0.0,50.0,true,false,out_of_scope,"Not in scope, nothing owed"
B013,2034,current_policies,proposal,0,Not affected,0.0,0.0,L,1,below 1 percent of EBITDA,60.0,0.4,0.0,50.0,true,false,out_of_scope,"Not in scope, nothing owed"
B013,2035,current_policies,proposal,0,Not affected,0.0,0.0,L,1,below 1 percent of EBITDA,60.0,0.3,0.0,50.0,true,false,out_of_scope,"Not in scope, nothing owed"
B013,2026,delayed_transition,proposal,0,Not affected,0.0,0.0,L,1,below 1 percent of EBITDA,80.0,0.975,0.0,50.0,true,false,out_of_scope,"Not in scope, nothing owed"
B013,2027,delayed_transition,proposal,0,Not affected,0.0,0.0,L,1,below 1 percent of EBITDA,80.0,0.95,0.0,50.0,true,false,out_of_scope,"Not in scope, nothing owed"
B013,2028,delayed_transition,proposal,0,Not affected,0.0,0.0,L,1,below 1 percent of EBITDA,80.0,0.9,0.0,50.0,true,false,out_of_scope,"Not in scope, nothing owed"
B013,2029,delayed_transition,proposal,0,Not affected,0.0,0.0,L,1,below 1 percent of EBITDA,80.0,0.85,0.0,50.0,true,false,out_of_scope,"Not in scope, nothing owed"
B013,2030,delayed_transition,proposal,0,Not affected,0.0,0.0,L,1,below 1 percent of EBITDA,80.0,0.8,0.0,50.0,true,false,out_of_scope,"Not in scope, nothing owed"
B013,2031,delayed_transition,proposal,0,Not affected,0.0,0.0,L,1,below 1 percent of EBITDA,80.0,0.7,0.0,50.0,true,false,out_of_scope,"Not in scope, nothing owed"
B013,2032,delayed_transition,proposal,0,Not affected,0.0,0.0,L,1,below 1 percent of EBITDA,80.0,0.6,0.0,50.0,true,false,out_of_scope,"Not in scope, nothing owed"
B013,2033,delayed_transition,proposal,0,Not affected,0.0,0.0,L,1,below 1 percent of EBITDA,80.0,0.5,0.0,50.0,true,false,out_of_scope,"Not in scope, nothing owed"
B013,2034,delayed_transition,proposal,0,Not affected,0.0,0.0,L,1,below 1 percent of EBITDA,80.0,0.4,0.0,50.0,true,false,out_of_scope,"Not in scope, nothing owed"
B013,2035,delayed_transition,proposal,0,Not affected,0.0,0.0,L,1,below 1 percent of EBITDA,80.0,0.3,0.0,50.0,true,false,out_of_scope,"Not in scope, nothing owed"
B013,2026,net_zero_2050,proposal,0,Not affected,0.0,0.0,L,1,below 1 percent of EBITDA,100.0,0.975,0.0,50.0,true,false,out_of_scope,"Not in scope, nothing owed"
B013,2027,net_zero_2050,proposal,0,Not affected,0.0,0.0,L,1,below 1 percent of EBITDA,100.0,0.95,0.0,50.0,true,false,out_of_scope,"Not in scope, nothing owed"
B013,2028,net_zero_2050,proposal,0,Not affected,0.0,0.0,L,1,below 1 percent of EBITDA,100.0,0.9,0.0,50.0,true,false,out_of_scope,"Not in scope, nothing owed"
B013,2029,net_zero_2050,proposal,0,Not affected,0.0,0.0,L,1,below 1 percent of EBITDA,100.0,0.85,0.0,50.0,true,false,out_of_scope,"Not in scope, nothing owed"
B013,2030,net_zero_2050,proposal,0,Not affected,0.0,0.0,L,1,below 1 percent of EBITDA,100.0,0.8,0.0,50.0,true,false,out_of_scope,"Not in scope, nothing owed"
B013,2031,net_zero_2050,proposal,0,Not affected,0.0,0.0,L,1,below 1 percent of EBITDA,100.0,0.7,0.0,50.0,true,false,out_of_scope,"Not in scope, nothing owed"
B013,2032,net_zero_2050,proposal,0,Not affected,0.0,0.0,L,1,below 1 percent of EBITDA,100.0,0.6,0.0,50.0,true,false,out_of_scope,"Not in scope, nothing owed"
B013,2033,net_zero_2050,proposal,0,Not affected,0.0,0.0,L,1,below 1 percent of EBITDA,100.0,0.5,0.0,50.0,true,false,out_of_scope,"Not in scope, nothing owed"
B013,2034,net_zero_2050,proposal,0,Not affected,0.0,0.0,L,1,below 1 percent of EBITDA,100.0,0.4,0.0,50.0,true,false,out_of_scope,"Not in scope, nothing owed"
B013,2035,net_zero_2050,proposal,0,Not affected,0.0,0.0,L,1,below 1 percent of EBITDA,100.0,0.3,0.0,50.0,true,false,out_of_scope,"Not in scope, nothing owed"
